GeoID,Year,PM2.5,AsthmaRate,RespiratoryRate
209.0,2012,10.0,18.1,8.9
209.0,2012,10.0,10.4,8.9
409.0,2012,9.6,53.8,6.9
409.0,2012,9.6,21.9,6.9
209.0,2012,8.2,18.1,8.9
209.0,2012,8.2,10.4,8.9
210.0,2012,8.1,29.4,13.7
210.0,2012,8.1,17.9,13.7
409.0,2017,6.8,11.0,3.0
409.0,2017,6.8,35.0,3.0
210.0,2017,6.8,30.0,10.0
210.0,2017,6.8,18.0,10.0
209.0,2009,10.6,20.7,10.4
209.0,2009,10.6,11.3,10.4
209.0,2017,7.1,14.0,6.0
209.0,2017,7.1,8.0,6.0
410.0,2012,9.4,57.9,10.2
410.0,2012,9.4,42.3,10.2
209.0,2015,7.1,16.8,8.9
209.0,2015,7.1,8.5,8.9
410.0,2015,6.0,39.0,16.9
410.0,2015,6.0,55.0,16.9
211.0,2012,12.3,97.2,15.9
211.0,2012,12.3,165.3,15.9
104.0,2009,10.4,121.9,19.7
104.0,2009,10.4,57.5,19.7
304.0,2012,10.4,63.9,10.2
304.0,2012,10.4,23.5,10.2
404.0,2015,7.4,12.2,8.2
404.0,2015,7.4,4.9,8.2
304.0,2012,11.4,63.9,10.2
304.0,2012,11.4,23.5,10.2
304.0,2015,8.5,23.2,8.5
304.0,2015,8.5,51.9,8.5
204.0,2012,9.7,141.6,14.0
204.0,2012,9.7,84.9,14.0
204.0,2015,7.8,71.4,13.2
204.0,2015,7.8,118.4,13.2
104.0,2012,10.3,58.8,13.9
104.0,2012,10.3,133.9,13.9
208.0,2017,7.0,55.0,8.0
208.0,2017,7.0,27.0,8.0
307.0,2017,10.3,35.0,5.0
307.0,2017,10.3,12.0,5.0
2.0,2012,10.4,44.2,11.5
2.0,2012,10.4,81.8,11.5
2.0,2015,7.8,34.9,10.5
2.0,2015,7.8,62.5,10.5
202.0,2017,8.4,43.0,6.0
202.0,2017,8.4,23.0,6.0
301.0,2012,9.5,111.6,10.5
301.0,2012,9.5,40.4,10.5
301.0,2009,11.0,138.5,12.5
301.0,2009,11.0,44.5,12.5
301.0,2017,7.8,62.0,6.0
301.0,2017,7.8,23.0,6.0
201.0,2017,9.0,14.0,4.0
201.0,2017,9.0,21.0,4.0
501.0,2015,7.3,45.6,17.4
501.0,2015,7.3,66.9,17.4
211.0,2017,8.2,88.0,8.0
211.0,2017,8.2,51.0,8.0
211.0,2012,9.4,97.2,15.9
211.0,2012,9.4,165.3,15.9
210.0,2017,7.5,30.0,10.0
210.0,2017,7.5,18.0,10.0
410.0,2015,6.9,39.0,16.9
410.0,2015,6.9,55.0,16.9
211.0,2015,9.6,107.9,11.0
211.0,2015,9.6,67.3,11.0
207.0,2012,9.4,49.9,10.6
207.0,2012,9.4,102.4,10.6
307.0,2012,9.2,57.6,8.9
307.0,2012,9.2,24.0,8.9
207.0,2012,10.6,49.9,10.6
207.0,2012,10.6,102.4,10.6
107.0,2012,11.4,233.2,25.5
107.0,2012,11.4,130.6,25.5
107.0,2009,12.1,138.1,30.2
107.0,2009,12.1,251.3,30.2
303.0,2015,8.1,215.5,20.3
303.0,2015,8.1,111.6,20.3
403.0,2017,7.2,6.0,5.0
403.0,2017,7.2,25.0,5.0
204.0,2012,10.0,141.6,14.0
204.0,2012,10.0,84.9,14.0
103.0,2017,8.4,112.0,11.0
103.0,2017,8.4,49.0,11.0
203.0,2017,7.9,107.0,8.0
203.0,2017,7.9,55.0,8.0
410.0,2009,10.0,47.8,18.8
410.0,2009,10.0,111.8,18.8
410.0,2012,8.0,57.9,10.2
410.0,2012,8.0,42.3,10.2
410.0,2017,6.8,33.0,10.0
410.0,2017,6.8,46.0,10.0
104.0,2009,10.4,121.9,19.7
104.0,2009,10.4,57.5,19.7
203.0,2017,7.5,107.0,8.0
203.0,2017,7.5,55.0,8.0
209.0,2015,8.1,16.8,8.9
209.0,2015,8.1,8.5,8.9
202.0,2012,9.8,35.8,10.2
202.0,2012,9.8,76.9,10.2
202.0,2009,11.5,89.1,13.1
202.0,2009,11.5,40.7,13.1
402.0,2015,9.3,60.2,8.6
402.0,2015,9.3,14.7,8.6
202.0,2012,11.2,35.8,10.2
202.0,2012,11.2,76.9,10.2
305.0,2012,12.1,24.4,8.4
305.0,2012,12.1,8.0,8.4
403.0,2012,10.1,29.3,8.9
403.0,2012,10.1,9.6,8.9
403.0,2009,10.2,38.0,11.3
403.0,2009,10.2,9.3,11.3
305.0,2009,12.9,35.5,9.2
305.0,2009,12.9,9.4,9.2
107.0,2012,10.4,233.2,25.5
107.0,2012,10.4,130.6,25.5
307.0,2009,11.5,69.7,8.6
307.0,2009,11.5,20.7,8.6
307.0,2017,8.2,35.0,5.0
307.0,2017,8.2,12.0,5.0
211.0,2017,9.4,88.0,8.0
211.0,2017,9.4,51.0,8.0
404.0,2017,7.6,10.0,2.0
404.0,2017,7.6,2.0,2.0
102.0,2012,8.7,57.7,14.2
102.0,2012,8.7,139.9,14.2
102.0,2015,8.3,108.6,15.4
102.0,2015,8.3,48.4,15.4
202.0,2012,11.1,35.8,10.2
202.0,2012,11.1,76.9,10.2
302.0,2015,8.0,193.1,14.9
302.0,2015,8.0,95.1,14.9
302.0,2012,11.1,253.1,16.5
302.0,2012,11.1,116.4,16.5
402.0,2015,8.1,60.2,8.6
402.0,2015,8.1,14.7,8.6
410.0,2012,7.6,57.9,10.2
410.0,2012,7.6,42.3,10.2
410.0,2017,6.3,33.0,10.0
410.0,2017,6.3,46.0,10.0
209.0,2009,10.6,20.7,10.4
209.0,2009,10.6,11.3,10.4
209.0,2012,8.9,18.1,8.9
209.0,2012,8.9,10.4,8.9
409.0,2009,10.4,27.4,10.0
409.0,2009,10.4,70.5,10.0
409.0,2012,10.1,53.8,6.9
409.0,2012,10.1,21.9,6.9
409.0,2012,8.4,53.8,6.9
409.0,2012,8.4,21.9,6.9
305.0,2009,10.7,35.5,9.2
305.0,2009,10.7,9.4,9.2
105.0,2012,14.8,214.1,20.8
105.0,2012,14.8,118.1,20.8
4.0,2017,7.2,14.0,5.0
4.0,2017,7.2,40.0,5.0
305.0,2015,10.2,18.6,6.7
305.0,2015,10.2,6.6,6.7
306.0,2009,11.7,88.6,9.0
306.0,2009,11.7,25.3,9.0
106.0,2012,13.2,117.4,23.5
106.0,2012,13.2,232.5,23.5
408.0,2015,7.0,69.6,10.5
408.0,2015,7.0,29.7,10.5
106.0,2012,12.3,117.4,23.5
106.0,2012,12.3,232.5,23.5
106.0,2017,9.8,78.0,15.0
106.0,2017,9.8,138.0,15.0
408.0,2015,7.4,69.6,10.5
408.0,2015,7.4,29.7,10.5
308.0,2017,9.0,14.0,3.0
308.0,2017,9.0,6.0,3.0
2.0,2009,10.9,93.1,13.3
2.0,2009,10.9,48.5,13.3
2.0,2012,8.7,44.2,11.5
2.0,2012,8.7,81.8,11.5
2.0,2017,7.5,54.0,7.0
2.0,2017,7.5,30.0,7.0
304.0,2015,9.0,23.2,8.5
304.0,2015,9.0,51.9,8.5
302.0,2009,11.7,291.1,18.8
302.0,2009,11.7,137.0,18.8
302.0,2012,9.5,253.1,16.5
302.0,2012,9.5,116.4,16.5
302.0,2017,8.3,138.0,8.0
302.0,2017,8.3,75.0,8.0
401.0,2017,7.7,42.0,5.0
401.0,2017,7.7,16.0,5.0
209.0,2017,8.1,14.0,6.0
209.0,2017,8.1,8.0,6.0
410.0,2017,7.0,33.0,10.0
410.0,2017,7.0,46.0,10.0
106.0,2017,8.6,78.0,15.0
106.0,2017,8.6,138.0,15.0
306.0,2017,11.2,50.0,4.0
306.0,2017,11.2,18.0,4.0
211.0,2015,7.4,107.9,11.0
211.0,2015,7.4,67.3,11.0
406.0,2017,7.6,34.0,5.0
406.0,2017,7.6,10.0,5.0
202.0,2015,9.8,24.1,7.8
202.0,2015,9.8,46.4,7.8
306.0,2017,9.9,50.0,4.0
306.0,2017,9.9,18.0,4.0
209.0,2017,8.1,14.0,6.0
209.0,2017,8.1,8.0,6.0
409.0,2017,7.9,11.0,3.0
409.0,2017,7.9,35.0,3.0
211.0,2015,8.1,107.9,11.0
211.0,2015,8.1,67.3,11.0
409.0,2015,7.8,39.5,8.2
409.0,2015,7.8,17.9,8.2
209.0,2012,10.9,18.1,8.9
209.0,2012,10.9,10.4,8.9
211.0,2015,9.6,107.9,11.0
211.0,2015,9.6,67.3,11.0
409.0,2012,10.0,53.8,6.9
409.0,2012,10.0,21.9,6.9
409.0,2009,9.5,27.4,10.0
409.0,2009,9.5,70.5,10.0
409.0,2015,9.2,39.5,8.2
409.0,2015,9.2,17.9,8.2
409.0,2015,8.3,39.5,8.2
409.0,2015,8.3,17.9,8.2
209.0,2015,9.0,16.8,8.9
209.0,2015,9.0,8.5,8.9
308.0,2009,11.0,24.5,5.4
308.0,2009,11.0,9.2,5.4
305.0,2017,9.8,6.0,5.0
305.0,2017,9.8,16.0,5.0
203.0,2017,8.6,107.0,8.0
203.0,2017,8.6,55.0,8.0
202.0,2017,8.4,43.0,6.0
202.0,2017,8.4,23.0,6.0
305.0,2015,8.7,18.6,6.7
305.0,2015,8.7,6.6,6.7
4.0,2012,10.1,53.2,8.7
4.0,2012,10.1,20.6,8.7
402.0,2015,9.8,60.2,8.6
402.0,2015,9.8,14.7,8.6
209.0,2015,7.7,16.8,8.9
209.0,2015,7.7,8.5,8.9
409.0,2012,7.9,53.8,6.9
409.0,2012,7.9,21.9,6.9
101.0,2015,9.6,25.8,14.8
101.0,2015,9.6,65.8,14.8
209.0,2012,9.9,18.1,8.9
209.0,2012,9.9,10.4,8.9
409.0,2009,8.7,27.4,10.0
409.0,2009,8.7,70.5,10.0
3.0,2015,9.5,34.8,9.6
3.0,2015,9.5,93.5,9.6
206.0,2015,8.2,9.3,8.8
206.0,2015,8.2,15.8,8.8
102.0,2015,10.6,108.6,15.4
102.0,2015,10.6,48.4,15.4
201.0,2015,9.9,27.4,6.6
201.0,2015,9.9,19.9,6.6
3.0,2012,10.7,116.7,10.9
3.0,2012,10.7,40.8,10.9
206.0,2012,8.5,18.7,9.1
206.0,2012,8.5,11.2,9.1
310.0,2017,9.0,18.0,4.0
310.0,2017,9.0,33.0,4.0
3.0,2009,12.6,144.3,12.6
3.0,2009,12.6,45.7,12.6
3.0,2017,8.7,71.0,6.0
3.0,2017,8.7,28.0,6.0
304.0,2015,8.9,23.2,8.5
304.0,2015,8.9,51.9,8.5
204.0,2015,8.4,71.4,13.2
204.0,2015,8.4,118.4,13.2
104.0,2015,8.1,105.2,15.9
104.0,2015,8.1,44.6,15.9
204.0,2012,8.7,141.6,14.0
204.0,2012,8.7,84.9,14.0
307.0,2012,10.9,57.6,8.9
307.0,2012,10.9,24.0,8.9
202.0,2009,11.7,89.1,13.1
202.0,2009,11.7,40.7,13.1
202.0,2012,9.5,35.8,10.2
202.0,2012,9.5,76.9,10.2
302.0,2012,9.7,253.1,16.5
302.0,2012,9.7,116.4,16.5
102.0,2009,10.3,73.4,18.6
102.0,2009,10.3,37.6,18.6
202.0,2015,9.9,24.1,7.8
202.0,2015,9.9,46.4,7.8
302.0,2012,12.2,253.1,16.5
302.0,2012,12.2,116.4,16.5
202.0,2012,11.1,35.8,10.2
202.0,2012,11.1,76.9,10.2
4.0,2015,9.2,47.3,9.6
4.0,2015,9.2,17.9,9.6
206.0,2015,8.2,9.3,8.8
206.0,2015,8.2,15.8,8.8
408.0,2009,10.1,115.8,12.7
408.0,2009,10.1,41.6,12.7
408.0,2012,8.3,91.4,9.8
408.0,2012,8.3,39.6,9.8
401.0,2017,8.4,42.0,5.0
401.0,2017,8.4,16.0,5.0
206.0,2009,10.8,19.5,11.8
206.0,2009,10.8,13.2,11.8
208.0,2009,10.4,81.7,12.5
208.0,2009,10.4,40.9,12.5
206.0,2017,7.3,10.0,6.0
206.0,2017,7.3,14.0,6.0
208.0,2017,7.0,55.0,8.0
208.0,2017,7.0,27.0,8.0
305.0,2017,8.2,6.0,5.0
305.0,2017,8.2,16.0,5.0
105.0,2015,11.5,87.1,21.4
105.0,2015,11.5,167.2,21.4
205.0,2017,8.3,33.0,6.0
205.0,2017,8.3,18.0,6.0
202.0,2009,10.5,89.1,13.1
202.0,2009,10.5,40.7,13.1
102.0,2009,9.7,73.4,18.6
102.0,2009,9.7,37.6,18.6
305.0,2009,9.7,35.5,9.2
305.0,2009,9.7,9.4,9.2
305.0,2012,10.3,24.4,8.4
305.0,2012,10.3,8.0,8.4
105.0,2015,13.1,87.1,21.4
105.0,2015,13.1,167.2,21.4
103.0,2017,8.2,112.0,11.0
103.0,2017,8.2,49.0,11.0
308.0,2012,10.4,7.2,5.3
308.0,2012,10.4,18.1,5.3
206.0,2015,8.0,9.3,8.8
206.0,2015,8.0,15.8,8.8
105.0,2015,12.3,87.1,21.4
105.0,2015,12.3,167.2,21.4
205.0,2009,11.6,51.3,12.5
205.0,2009,11.6,35.0,12.5
205.0,2012,10.1,28.0,9.4
205.0,2012,10.1,45.5,9.4
309.0,2012,10.2,36.2,12.0
309.0,2012,10.2,114.8,12.0
409.0,2015,7.9,39.5,8.2
409.0,2015,7.9,17.9,8.2
310.0,2012,11.1,52.3,6.1
310.0,2012,11.1,24.1,6.1
206.0,2015,8.4,9.3,8.8
206.0,2015,8.4,15.8,8.8
211.0,2015,10.2,107.9,11.0
211.0,2015,10.2,67.3,11.0
5.0,2015,7.5,33.1,15.0
5.0,2015,7.5,20.8,15.0
201.0,2009,12.2,59.6,10.0
201.0,2009,12.2,28.2,10.0
401.0,2017,8.4,42.0,5.0
401.0,2017,8.4,16.0,5.0
305.0,2009,11.8,35.5,9.2
305.0,2009,11.8,9.4,9.2
403.0,2012,9.9,29.3,8.9
403.0,2012,9.9,9.6,8.9
302.0,2017,9.3,138.0,8.0
302.0,2017,9.3,75.0,8.0
301.0,2015,10.3,81.6,10.3
301.0,2015,10.3,32.9,10.3
201.0,2015,9.0,27.4,6.6
201.0,2015,9.0,19.9,6.6
202.0,2017,8.5,43.0,6.0
202.0,2017,8.5,23.0,6.0
209.0,2015,9.0,16.8,8.9
209.0,2015,9.0,8.5,8.9
409.0,2012,9.3,53.8,6.9
409.0,2012,9.3,21.9,6.9
409.0,2015,8.8,39.5,8.2
409.0,2015,8.8,17.9,8.2
203.0,2017,7.5,107.0,8.0
203.0,2017,7.5,55.0,8.0
103.0,2009,10.6,122.8,20.5
103.0,2009,10.6,68.7,20.5
103.0,2017,7.5,112.0,11.0
103.0,2017,7.5,49.0,11.0
105.0,2015,9.7,87.1,21.4
105.0,2015,9.7,167.2,21.4
309.0,2012,11.9,36.2,12.0
309.0,2012,11.9,114.8,12.0
106.0,2012,11.0,117.4,23.5
106.0,2012,11.0,232.5,23.5
3.0,2012,11.9,116.7,10.9
3.0,2012,11.9,40.8,10.9
3.0,2015,9.0,34.8,9.6
3.0,2015,9.0,93.5,9.6
206.0,2012,10.1,18.7,9.1
206.0,2012,10.1,11.2,9.1
206.0,2009,9.6,19.5,11.8
206.0,2009,9.6,13.2,11.8
101.0,2015,10.3,25.8,14.8
101.0,2015,10.3,65.8,14.8
301.0,2015,11.1,81.6,10.3
301.0,2015,11.1,32.9,10.3
102.0,2015,11.1,108.6,15.4
102.0,2015,11.1,48.4,15.4
302.0,2009,10.5,291.1,18.8
302.0,2009,10.5,137.0,18.8
302.0,2015,10.3,193.1,14.9
302.0,2015,10.3,95.1,14.9
302.0,2015,9.8,193.1,14.9
302.0,2015,9.8,95.1,14.9
5.0,2009,10.5,28.1,14.2
5.0,2009,10.5,50.5,14.2
204.0,2017,7.5,99.0,9.0
204.0,2017,7.5,58.0,9.0
304.0,2015,9.8,23.2,8.5
304.0,2015,9.8,51.9,8.5
207.0,2017,8.4,37.0,6.0
207.0,2017,8.4,75.0,6.0
207.0,2017,8.4,37.0,6.0
207.0,2017,8.4,75.0,6.0
205.0,2012,11.2,28.0,9.4
205.0,2012,11.2,45.5,9.4
207.0,2015,8.6,41.9,9.7
207.0,2015,8.6,84.2,9.7
207.0,2015,9.3,41.9,9.7
207.0,2015,9.3,84.2,9.7
501.0,2015,8.1,45.6,17.4
501.0,2015,8.1,66.9,17.4
501.0,2017,7.2,44.0,10.0
501.0,2017,7.2,58.0,10.0
307.0,2017,9.3,35.0,5.0
307.0,2017,9.3,12.0,5.0
5.0,2015,7.7,33.1,15.0
5.0,2015,7.7,20.8,15.0
204.0,2015,8.7,71.4,13.2
204.0,2015,8.7,118.4,13.2
304.0,2009,11.0,74.2,11.6
304.0,2009,11.0,25.5,11.6
107.0,2017,9.2,147.0,15.0
107.0,2017,9.2,83.0,15.0
207.0,2009,10.9,115.8,10.5
207.0,2009,10.9,57.9,10.5
107.0,2017,8.3,147.0,15.0
107.0,2017,8.3,83.0,15.0
205.0,2015,9.5,34.4,7.4
205.0,2015,9.5,18.6,7.4
305.0,2012,13.1,24.4,8.4
305.0,2012,13.1,8.0,8.4
208.0,2015,8.4,31.4,11.9
208.0,2015,8.4,61.4,11.9
308.0,2017,8.7,14.0,3.0
308.0,2017,8.7,6.0,3.0
304.0,2015,10.4,23.2,8.5
304.0,2015,10.4,51.9,8.5
204.0,2015,9.5,71.4,13.2
204.0,2015,9.5,118.4,13.2
204.0,2012,9.6,141.6,14.0
204.0,2012,9.6,84.9,14.0
5.0,2012,9.9,45.4,13.6
5.0,2012,9.9,26.2,13.6
5.0,2015,6.8,33.1,15.0
5.0,2015,6.8,20.8,15.0
5.0,2012,9.7,45.4,13.6
5.0,2012,9.7,26.2,13.6
207.0,2009,10.7,115.8,10.5
207.0,2009,10.7,57.9,10.5
307.0,2009,10.3,69.7,8.6
307.0,2009,10.3,20.7,8.6
107.0,2012,12.6,233.2,25.5
107.0,2012,12.6,130.6,25.5
203.0,2009,9.9,178.4,16.3
203.0,2009,9.9,95.4,16.3
102.0,2012,12.2,57.7,14.2
102.0,2012,12.2,139.9,14.2
204.0,2009,9.8,85.0,13.9
204.0,2009,9.8,153.2,13.9
307.0,2012,10.8,57.6,8.9
307.0,2012,10.8,24.0,8.9
207.0,2012,11.7,49.9,10.6
207.0,2012,11.7,102.4,10.6
107.0,2009,11.0,138.1,30.2
107.0,2009,11.0,251.3,30.2
309.0,2009,10.8,151.9,15.5
309.0,2009,10.8,45.5,15.5
309.0,2012,8.6,36.2,12.0
309.0,2012,8.6,114.8,12.0
309.0,2017,7.4,29.0,7.0
309.0,2017,7.4,90.0,7.0
409.0,2009,10.0,27.4,10.0
409.0,2009,10.0,70.5,10.0
409.0,2015,6.9,39.5,8.2
409.0,2015,6.9,17.9,8.2
409.0,2017,7.5,11.0,3.0
409.0,2017,7.5,35.0,3.0
409.0,2015,7.9,39.5,8.2
409.0,2015,7.9,17.9,8.2
409.0,2017,6.8,11.0,3.0
409.0,2017,6.8,35.0,3.0
205.0,2012,9.1,28.0,9.4
205.0,2012,9.1,45.5,9.4
205.0,2009,11.5,51.3,12.5
205.0,2009,11.5,35.0,12.5
409.0,2015,8.8,39.5,8.2
409.0,2015,8.8,17.9,8.2
409.0,2015,6.5,39.5,8.2
409.0,2015,6.5,17.9,8.2
105.0,2015,10.3,87.1,21.4
105.0,2015,10.3,167.2,21.4
306.0,2009,10.5,88.6,9.0
306.0,2009,10.5,25.3,9.0
104.0,2015,11.4,105.2,15.9
104.0,2015,11.4,44.6,15.9
106.0,2009,13.1,249.3,27.6
106.0,2009,13.1,130.1,27.6
406.0,2015,9.4,36.2,8.5
406.0,2015,9.4,12.7,8.5
106.0,2015,10.6,98.1,25.8
106.0,2015,10.6,188.6,25.8
206.0,2015,8.6,9.3,8.8
206.0,2015,8.6,15.8,8.8
410.0,2009,9.6,47.8,18.8
410.0,2009,9.6,111.8,18.8
210.0,2017,6.8,30.0,10.0
210.0,2017,6.8,18.0,10.0
410.0,2015,6.0,39.0,16.9
410.0,2015,6.0,55.0,16.9
309.0,2012,10.3,36.2,12.0
309.0,2012,10.3,114.8,12.0
5.0,2017,7.8,19.0,10.0
5.0,2017,7.8,30.0,10.0
211.0,2017,9.9,88.0,8.0
211.0,2017,9.9,51.0,8.0
304.0,2017,10.1,40.0,5.0
304.0,2017,10.1,18.0,5.0
204.0,2017,9.1,99.0,9.0
204.0,2017,9.1,58.0,9.0
107.0,2009,11.2,138.1,30.2
107.0,2009,11.2,251.3,30.2
107.0,2017,10.1,147.0,15.0
107.0,2017,10.1,83.0,15.0
102.0,2009,13.0,73.4,18.6
102.0,2009,13.0,37.6,18.6
106.0,2012,12.3,117.4,23.5
106.0,2012,12.3,232.5,23.5
3.0,2015,10.2,34.8,9.6
3.0,2015,10.2,93.5,9.6
210.0,2009,8.9,35.1,15.4
210.0,2009,8.9,19.8,15.4
210.0,2015,8.8,31.4,14.7
210.0,2015,8.8,18.2,14.7
206.0,2015,9.2,9.3,8.8
206.0,2015,9.2,15.8,8.8
501.0,2015,8.2,45.6,17.4
501.0,2015,8.2,66.9,17.4
202.0,2012,11.9,35.8,10.2
202.0,2012,11.9,76.9,10.2
202.0,2009,10.7,89.1,13.1
202.0,2009,10.7,40.7,13.1
301.0,2015,9.4,81.6,10.3
301.0,2015,9.4,32.9,10.3
301.0,2009,10.7,138.5,12.5
301.0,2009,10.7,44.5,12.5
410.0,2017,7.5,33.0,10.0
410.0,2017,7.5,46.0,10.0
501.0,2015,8.9,45.6,17.4
501.0,2015,8.9,66.9,17.4
102.0,2012,12.7,57.7,14.2
102.0,2012,12.7,139.9,14.2
202.0,2009,11.4,89.1,13.1
202.0,2009,11.4,40.7,13.1
302.0,2015,9.8,193.1,14.9
302.0,2015,9.8,95.1,14.9
202.0,2017,9.1,43.0,6.0
202.0,2017,9.1,23.0,6.0
102.0,2017,10.3,81.0,10.0
102.0,2017,10.3,36.0,10.0
304.0,2012,10.4,63.9,10.2
304.0,2012,10.4,23.5,10.2
104.0,2015,10.9,105.2,15.9
104.0,2015,10.9,44.6,15.9
208.0,2017,7.4,55.0,8.0
208.0,2017,7.4,27.0,8.0
308.0,2012,8.8,7.2,5.3
308.0,2012,8.8,18.1,5.3
305.0,2015,9.3,18.6,6.7
305.0,2015,9.3,6.6,6.7
206.0,2015,9.5,9.3,8.8
206.0,2015,9.5,15.8,8.8
308.0,2012,10.4,7.2,5.3
308.0,2012,10.4,18.1,5.3
206.0,2015,10.1,9.3,8.8
206.0,2015,10.1,15.8,8.8
306.0,2009,10.7,88.6,9.0
306.0,2009,10.7,25.3,9.0
106.0,2015,11.9,98.1,25.8
106.0,2015,11.9,188.6,25.8
208.0,2015,7.5,31.4,11.9
208.0,2015,7.5,61.4,11.9
203.0,2015,8.8,124.6,12.4
203.0,2015,8.8,68.1,12.4
405.0,2015,8.1,32.2,10.0
405.0,2015,8.1,12.8,10.0
403.0,2017,7.9,6.0,5.0
403.0,2017,7.9,25.0,5.0
103.0,2012,10.4,191.4,17.1
103.0,2012,10.4,77.6,17.1
104.0,2012,10.3,58.8,13.9
104.0,2012,10.3,133.9,13.9
104.0,2015,7.5,105.2,15.9
104.0,2015,7.5,44.6,15.9
304.0,2015,8.9,23.2,8.5
304.0,2015,8.9,51.9,8.5
104.0,2015,8.1,105.2,15.9
104.0,2015,8.1,44.6,15.9
201.0,2015,8.6,27.4,6.6
201.0,2015,8.6,19.9,6.6
102.0,2015,9.5,108.6,15.4
102.0,2015,9.5,48.4,15.4
104.0,2017,8.1,34.0,10.0
104.0,2017,8.1,80.0,10.0
403.0,2017,7.9,6.0,5.0
403.0,2017,7.9,25.0,5.0
204.0,2015,8.4,71.4,13.2
204.0,2015,8.4,118.4,13.2
403.0,2015,8.5,29.4,10.2
403.0,2015,8.5,7.9,10.2
303.0,2012,10.6,241.3,22.2
303.0,2012,10.6,129.6,22.2
403.0,2009,9.5,38.0,11.3
403.0,2009,9.5,9.3,11.3
305.0,2009,11.9,35.5,9.2
305.0,2009,11.9,9.4,9.2
303.0,2009,10.2,299.4,29.2
303.0,2009,10.2,147.1,29.2
303.0,2012,11.4,241.3,22.2
303.0,2012,11.4,129.6,22.2
303.0,2012,9.7,241.3,22.2
303.0,2012,9.7,129.6,22.2
305.0,2012,11.1,24.4,8.4
305.0,2012,11.1,8.0,8.4
303.0,2017,10.1,90.0,10.0
303.0,2017,10.1,160.0,10.0
205.0,2009,10.6,51.3,12.5
205.0,2009,10.6,35.0,12.5
103.0,2017,7.5,112.0,11.0
103.0,2017,7.5,49.0,11.0
203.0,2012,8.8,164.8,14.1
203.0,2012,8.8,91.2,14.1
104.0,2012,8.7,58.8,13.9
104.0,2012,8.7,133.9,13.9
204.0,2009,10.8,85.0,13.9
204.0,2009,10.8,153.2,13.9
204.0,2015,8.7,71.4,13.2
204.0,2015,8.7,118.4,13.2
203.0,2015,8.9,124.6,12.4
203.0,2015,8.9,68.1,12.4
303.0,2012,12.0,241.3,22.2
303.0,2012,12.0,129.6,22.2
204.0,2015,9.5,71.4,13.2
204.0,2015,9.5,118.4,13.2
104.0,2012,10.5,58.8,13.9
104.0,2012,10.5,133.9,13.9
104.0,2009,9.7,121.9,19.7
104.0,2009,9.7,57.5,19.7
304.0,2012,11.4,63.9,10.2
304.0,2012,11.4,23.5,10.2
204.0,2015,7.8,71.4,13.2
204.0,2015,7.8,118.4,13.2
106.0,2015,8.7,98.1,25.8
106.0,2015,8.7,188.6,25.8
309.0,2017,9.6,29.0,7.0
309.0,2017,9.6,90.0,7.0
206.0,2017,8.4,10.0,6.0
206.0,2017,8.4,14.0,6.0
206.0,2015,7.5,9.3,8.8
206.0,2015,7.5,15.8,8.8
209.0,2017,8.5,14.0,6.0
209.0,2017,8.5,8.0,6.0
410.0,2017,7.7,33.0,10.0
410.0,2017,7.7,46.0,10.0
210.0,2017,8.2,30.0,10.0
210.0,2017,8.2,18.0,10.0
210.0,2009,10.4,35.1,15.4
210.0,2009,10.4,19.8,15.4
210.0,2012,8.7,29.4,13.7
210.0,2012,8.7,17.9,13.7
310.0,2017,7.3,18.0,4.0
310.0,2017,7.3,33.0,4.0
209.0,2009,9.5,20.7,10.4
209.0,2009,9.5,11.3,10.4
409.0,2009,8.9,27.4,10.0
409.0,2009,8.9,70.5,10.0
3.0,2009,11.6,144.3,12.6
3.0,2009,11.6,45.7,12.6
309.0,2009,10.9,151.9,15.5
309.0,2009,10.9,45.5,15.5
3.0,2009,12.0,144.3,12.6
3.0,2009,12.0,45.7,12.6
210.0,2017,9.2,30.0,10.0
210.0,2017,9.2,18.0,10.0
210.0,2012,10.3,29.4,13.7
210.0,2012,10.3,17.9,13.7
210.0,2009,9.5,35.1,15.4
210.0,2009,9.5,19.8,15.4
210.0,2017,8.0,30.0,10.0
210.0,2017,8.0,18.0,10.0
302.0,2009,10.6,291.1,18.8
302.0,2009,10.6,137.0,18.8
401.0,2017,9.5,42.0,5.0
401.0,2017,9.5,16.0,5.0
210.0,2009,9.1,35.1,15.4
210.0,2009,9.1,19.8,15.4
211.0,2015,8.7,107.9,11.0
211.0,2015,8.7,67.3,11.0
211.0,2012,11.0,97.2,15.9
211.0,2012,11.0,165.3,15.9
209.0,2015,7.7,16.8,8.9
209.0,2015,7.7,8.5,8.9
211.0,2015,9.4,107.9,11.0
211.0,2015,9.4,67.3,11.0
209.0,2017,8.1,14.0,6.0
209.0,2017,8.1,8.0,6.0
210.0,2012,10.3,29.4,13.7
210.0,2012,10.3,17.9,13.7
209.0,2015,8.1,16.8,8.9
209.0,2015,8.1,8.5,8.9
209.0,2012,8.2,18.1,8.9
209.0,2012,8.2,10.4,8.9
211.0,2009,11.5,184.6,18.2
211.0,2009,11.5,106.8,18.2
209.0,2009,10.6,20.7,10.4
209.0,2009,10.6,11.3,10.4
209.0,2015,9.0,16.8,8.9
209.0,2015,9.0,8.5,8.9
211.0,2009,10.3,184.6,18.2
211.0,2009,10.3,106.8,18.2
211.0,2015,10.2,107.9,11.0
211.0,2015,10.2,67.3,11.0
209.0,2012,9.9,18.1,8.9
209.0,2012,9.9,10.4,8.9
501.0,2017,8.2,44.0,10.0
501.0,2017,8.2,58.0,10.0
101.0,2015,7.5,25.8,14.8
101.0,2015,7.5,65.8,14.8
107.0,2009,9.7,138.1,30.2
107.0,2009,9.7,251.3,30.2
207.0,2012,8.6,49.9,10.6
207.0,2012,8.6,102.4,10.6
207.0,2009,10.8,115.8,10.5
207.0,2009,10.8,57.9,10.5
207.0,2017,7.4,37.0,6.0
207.0,2017,7.4,75.0,6.0
1.0,2009,10.7,67.0,20.6
1.0,2009,10.7,67.0,14.1
1.0,2009,10.7,128.2,20.6
1.0,2009,10.7,128.2,14.1
1.0,2009,10.7,106.8,20.6
1.0,2009,10.7,106.8,14.1
1.0,2009,10.7,45.1,20.6
1.0,2009,10.7,45.1,14.1
107.0,2015,9.6,104.6,26.5
107.0,2015,9.6,194.7,26.5
2.0,2015,8.7,34.9,10.5
2.0,2015,8.7,62.5,10.5
207.0,2015,8.6,41.9,9.7
207.0,2015,8.6,84.2,9.7
304.0,2017,8.8,40.0,5.0
304.0,2017,8.8,18.0,5.0
203.0,2015,8.4,124.6,12.4
203.0,2015,8.4,68.1,12.4
404.0,2017,8.2,10.0,2.0
404.0,2017,8.2,2.0,2.0
306.0,2012,13.3,28.5,9.4
306.0,2012,13.3,75.6,9.4
302.0,2009,11.5,291.1,18.8
302.0,2009,11.5,137.0,18.8
306.0,2009,13.2,88.6,9.0
306.0,2009,13.2,25.3,9.0
302.0,2015,10.0,193.1,14.9
302.0,2015,10.0,95.1,14.9
306.0,2012,14.3,28.5,9.4
306.0,2012,14.3,75.6,9.4
302.0,2017,7.9,138.0,8.0
302.0,2017,7.9,75.0,8.0
306.0,2009,14.3,88.6,9.0
306.0,2009,14.3,25.3,9.0
306.0,2012,12.4,28.5,9.4
306.0,2012,12.4,75.6,9.4
301.0,2015,9.9,81.6,10.3
301.0,2015,9.9,32.9,10.3
301.0,2012,9.5,111.6,10.5
301.0,2012,9.5,40.4,10.5
410.0,2009,9.5,47.8,18.8
410.0,2009,9.5,111.8,18.8
410.0,2017,8.3,33.0,10.0
410.0,2017,8.3,46.0,10.0
3.0,2017,10.4,71.0,6.0
3.0,2017,10.4,28.0,6.0
203.0,2017,9.1,107.0,8.0
203.0,2017,9.1,55.0,8.0
103.0,2009,11.4,122.8,20.5
103.0,2009,11.4,68.7,20.5
103.0,2017,9.4,112.0,11.0
103.0,2017,9.4,49.0,11.0
308.0,2009,10.4,24.5,5.4
308.0,2009,10.4,9.2,5.4
208.0,2012,11.3,70.9,11.1
208.0,2012,11.3,35.1,11.1
501.0,2017,8.6,44.0,10.0
501.0,2017,8.6,58.0,10.0
101.0,2009,11.5,60.7,18.6
101.0,2009,11.5,25.4,18.6
102.0,2017,9.3,81.0,10.0
102.0,2017,9.3,36.0,10.0
202.0,2009,10.7,89.1,13.1
202.0,2009,10.7,40.7,13.1
102.0,2009,10.2,73.4,18.6
102.0,2009,10.2,37.6,18.6
205.0,2009,11.4,51.3,12.5
205.0,2009,11.4,35.0,12.5
205.0,2012,12.5,28.0,9.4
205.0,2012,12.5,45.5,9.4
302.0,2017,9.9,138.0,8.0
302.0,2017,9.9,75.0,8.0
306.0,2017,11.3,50.0,4.0
306.0,2017,11.3,18.0,4.0
407.0,2017,8.9,16.0,5.0
407.0,2017,8.9,38.0,5.0
307.0,2009,10.7,69.7,8.6
307.0,2009,10.7,20.7,8.6
308.0,2009,10.0,24.5,5.4
308.0,2009,10.0,9.2,5.4
105.0,2009,12.2,200.2,25.1
105.0,2009,12.2,131.3,25.1
306.0,2012,9.4,28.5,9.4
306.0,2012,9.4,75.6,9.4
306.0,2017,8.4,50.0,4.0
306.0,2017,8.4,18.0,4.0
305.0,2017,10.4,6.0,5.0
305.0,2017,10.4,16.0,5.0
301.0,2017,9.1,62.0,6.0
301.0,2017,9.1,23.0,6.0
501.0,2012,8.1,85.9,14.0
501.0,2012,8.1,54.0,14.0
501.0,2017,8.4,44.0,10.0
501.0,2017,8.4,58.0,10.0
207.0,2015,9.3,41.9,9.7
207.0,2015,9.3,84.2,9.7
404.0,2009,10.8,22.1,10.2
404.0,2009,10.8,6.7,10.2
304.0,2015,9.6,23.2,8.5
304.0,2015,9.6,51.9,8.5
204.0,2009,11.2,85.0,13.9
204.0,2009,11.2,153.2,13.9
204.0,2015,8.8,71.4,13.2
204.0,2015,8.8,118.4,13.2
310.0,2012,10.1,52.3,6.1
310.0,2012,10.1,24.1,6.1
101.0,2017,7.4,48.0,9.0
101.0,2017,7.4,16.0,9.0
301.0,2017,7.8,62.0,6.0
301.0,2017,7.8,23.0,6.0
210.0,2009,9.8,35.1,15.4
210.0,2009,9.8,19.8,15.4
211.0,2009,11.3,184.6,18.2
211.0,2009,11.3,106.8,18.2
5.0,2017,8.1,19.0,10.0
5.0,2017,8.1,30.0,10.0
104.0,2009,10.1,121.9,19.7
104.0,2009,10.1,57.5,19.7
105.0,2009,11.3,200.2,25.1
105.0,2009,11.3,131.3,25.1
103.0,2012,11.3,191.4,17.1
103.0,2012,11.3,77.6,17.1
203.0,2012,10.4,164.8,14.1
203.0,2012,10.4,91.2,14.1
203.0,2015,9.5,124.6,12.4
203.0,2015,9.5,68.1,12.4
303.0,2015,10.2,215.5,20.3
303.0,2015,10.2,111.6,20.3
103.0,2015,9.7,153.6,19.4
103.0,2015,9.7,64.1,19.4
105.0,2009,11.0,200.2,25.1
105.0,2009,11.0,131.3,25.1
105.0,2012,12.1,214.1,20.8
105.0,2012,12.1,118.1,20.8
203.0,2015,7.9,124.6,12.4
203.0,2015,7.9,68.1,12.4
205.0,2012,10.9,28.0,9.4
205.0,2012,10.9,45.5,9.4
101.0,2017,10.5,48.0,9.0
101.0,2017,10.5,16.0,9.0
210.0,2015,7.0,31.4,14.7
210.0,2015,7.0,18.2,14.7
210.0,2015,7.7,31.4,14.7
210.0,2015,7.7,18.2,14.7
402.0,2017,9.6,12.0,5.0
402.0,2017,9.6,51.0,5.0
406.0,2012,9.7,38.1,8.1
406.0,2012,9.7,16.7,8.1
202.0,2015,10.3,24.1,7.8
202.0,2015,10.3,46.4,7.8
205.0,2017,10.2,33.0,6.0
205.0,2017,10.2,18.0,6.0
205.0,2009,12.8,51.3,12.5
205.0,2009,12.8,35.0,12.5
309.0,2012,10.3,36.2,12.0
309.0,2012,10.3,114.8,12.0
309.0,2009,9.9,151.9,15.5
309.0,2009,9.9,45.5,15.5
309.0,2017,9.0,29.0,7.0
309.0,2017,9.0,90.0,7.0
409.0,2017,8.7,11.0,3.0
409.0,2017,8.7,35.0,3.0
104.0,2017,9.3,34.0,10.0
104.0,2017,9.3,80.0,10.0
207.0,2017,7.7,37.0,6.0
207.0,2017,7.7,75.0,6.0
207.0,2009,12.0,115.8,10.5
207.0,2009,12.0,57.9,10.5
304.0,2009,11.3,74.2,11.6
304.0,2009,11.3,25.5,11.6
104.0,2012,10.5,58.8,13.9
104.0,2012,10.5,133.9,13.9
204.0,2015,9.7,71.4,13.2
204.0,2015,9.7,118.4,13.2
103.0,2009,12.0,122.8,20.5
103.0,2009,12.0,68.7,20.5
103.0,2012,9.9,191.4,17.1
103.0,2012,9.9,77.6,17.1
1.0,2012,11.2,183.6,18.0
1.0,2012,11.2,183.6,11.7
1.0,2012,11.2,83.7,18.0
1.0,2012,11.2,83.7,11.7
1.0,2012,11.2,97.8,18.0
1.0,2012,11.2,97.8,11.7
1.0,2012,11.2,42.2,18.0
1.0,2012,11.2,42.2,11.7
2.0,2012,10.3,44.2,11.5
2.0,2012,10.3,81.8,11.5
1.0,2015,9.2,146.9,19.6
1.0,2015,9.2,146.9,11.8
1.0,2015,9.2,67.0,19.6
1.0,2015,9.2,67.0,11.8
1.0,2015,9.2,78.2,19.6
1.0,2015,9.2,78.2,11.8
1.0,2015,9.2,34.6,19.6
1.0,2015,9.2,34.6,11.8
106.0,2012,9.8,117.4,23.5
106.0,2012,9.8,232.5,23.5
106.0,2009,11.4,249.3,27.6
106.0,2009,11.4,130.1,27.6
309.0,2017,8.5,29.0,7.0
309.0,2017,8.5,90.0,7.0
309.0,2009,10.6,151.9,15.5
309.0,2009,10.6,45.5,15.5
204.0,2012,10.4,141.6,14.0
204.0,2012,10.4,84.9,14.0
310.0,2009,12.4,57.2,5.8
310.0,2009,12.4,25.7,5.8
310.0,2017,8.8,18.0,4.0
310.0,2017,8.8,33.0,4.0
201.0,2012,10.0,43.5,8.2
201.0,2012,10.0,26.9,8.2
207.0,2012,10.2,49.9,10.6
207.0,2012,10.2,102.4,10.6
207.0,2015,8.4,41.9,9.7
207.0,2015,8.4,84.2,9.7
204.0,2017,8.7,99.0,9.0
204.0,2017,8.7,58.0,9.0
301.0,2012,10.6,111.6,10.5
301.0,2012,10.6,40.4,10.5
201.0,2015,9.5,27.4,6.6
201.0,2015,9.5,19.9,6.6
202.0,2015,9.8,24.1,7.8
202.0,2015,9.8,46.4,7.8
301.0,2015,8.5,81.6,10.3
301.0,2015,8.5,32.9,10.3
206.0,2015,8.4,9.3,8.8
206.0,2015,8.4,15.8,8.8
408.0,2012,10.0,91.4,9.8
408.0,2012,10.0,39.6,9.8
4.0,2015,7.2,47.3,9.6
4.0,2015,7.2,17.9,9.6
4.0,2017,8.8,14.0,5.0
4.0,2017,8.8,40.0,5.0
401.0,2009,9.3,28.1,12.3
401.0,2009,9.3,79.4,12.3
201.0,2017,10.5,14.0,4.0
201.0,2017,10.5,21.0,4.0
301.0,2009,10.4,138.5,12.5
301.0,2009,10.4,44.5,12.5
301.0,2017,10.9,62.0,6.0
301.0,2017,10.9,23.0,6.0
309.0,2009,10.4,151.9,15.5
309.0,2009,10.4,45.5,15.5
406.0,2009,10.1,47.7,9.7
406.0,2009,10.1,17.2,9.7
406.0,2009,9.6,47.7,9.7
406.0,2009,9.6,17.2,9.7
406.0,2017,8.6,34.0,5.0
406.0,2017,8.6,10.0,5.0
207.0,2012,10.3,49.9,10.6
207.0,2012,10.3,102.4,10.6
101.0,2017,9.5,48.0,9.0
101.0,2017,9.5,16.0,9.0
209.0,2012,10.0,18.1,8.9
209.0,2012,10.0,10.4,8.9
206.0,2012,10.2,18.7,9.1
206.0,2012,10.2,11.2,9.1
208.0,2012,10.0,70.9,11.1
208.0,2012,10.0,35.1,11.1
304.0,2009,12.1,74.2,11.6
304.0,2009,12.1,25.5,11.6
404.0,2009,9.9,22.1,10.2
404.0,2009,9.9,6.7,10.2
305.0,2015,9.5,18.6,6.7
305.0,2015,9.5,6.6,6.7
406.0,2015,8.2,36.2,8.5
406.0,2015,8.2,12.7,8.5
302.0,2015,9.4,193.1,14.9
302.0,2015,9.4,95.1,14.9
209.0,2015,9.8,16.8,8.9
209.0,2015,9.8,8.5,8.9
310.0,2009,9.4,57.2,5.8
310.0,2009,9.4,25.7,5.8
303.0,2009,11.0,299.4,29.2
303.0,2009,11.0,147.1,29.2
305.0,2017,8.9,6.0,5.0
305.0,2017,8.9,16.0,5.0
403.0,2012,8.4,29.3,8.9
403.0,2012,8.4,9.6,8.9
405.0,2017,7.3,9.0,5.0
405.0,2017,7.3,24.0,5.0
103.0,2012,9.1,191.4,17.1
103.0,2012,9.1,77.6,17.1
403.0,2017,7.3,6.0,5.0
403.0,2017,7.3,25.0,5.0
205.0,2012,9.1,28.0,9.4
205.0,2012,9.1,45.5,9.4
205.0,2009,11.5,51.3,12.5
205.0,2009,11.5,35.0,12.5
104.0,2017,11.0,34.0,10.0
104.0,2017,11.0,80.0,10.0
206.0,2017,9.9,10.0,6.0
206.0,2017,9.9,14.0,6.0
208.0,2009,11.5,81.7,12.5
208.0,2009,11.5,40.9,12.5
201.0,2015,10.2,27.4,6.6
201.0,2015,10.2,19.9,6.6
204.0,2015,8.3,71.4,13.2
204.0,2015,8.3,118.4,13.2
103.0,2012,11.4,191.4,17.1
103.0,2012,11.4,77.6,17.1
303.0,2012,10.5,241.3,22.2
303.0,2012,10.5,129.6,22.2
102.0,2015,8.3,108.6,15.4
102.0,2015,8.3,48.4,15.4
302.0,2015,8.4,193.1,14.9
302.0,2015,8.4,95.1,14.9
201.0,2012,10.0,43.5,8.2
201.0,2012,10.0,26.9,8.2
201.0,2009,12.2,59.6,10.0
201.0,2009,12.2,28.2,10.0
102.0,2017,7.5,81.0,10.0
102.0,2017,7.5,36.0,10.0
101.0,2017,7.4,48.0,9.0
101.0,2017,7.4,16.0,9.0
102.0,2015,9.1,108.6,15.4
102.0,2015,9.1,48.4,15.4
202.0,2015,9.9,24.1,7.8
202.0,2015,9.9,46.4,7.8
202.0,2015,10.3,24.1,7.8
202.0,2015,10.3,46.4,7.8
301.0,2012,12.1,111.6,10.5
301.0,2012,12.1,40.4,10.5
102.0,2015,9.7,108.6,15.4
102.0,2015,9.7,48.4,15.4
201.0,2009,10.6,59.6,10.0
201.0,2009,10.6,28.2,10.0
201.0,2012,11.6,43.5,8.2
201.0,2012,11.6,26.9,8.2
302.0,2015,10.0,193.1,14.9
302.0,2015,10.0,95.1,14.9
201.0,2012,11.7,43.5,8.2
201.0,2012,11.7,26.9,8.2
401.0,2012,10.8,25.1,9.8
401.0,2012,10.8,48.8,9.8
202.0,2015,10.6,24.1,7.8
202.0,2015,10.6,46.4,7.8
301.0,2012,11.7,111.6,10.5
301.0,2012,11.7,40.4,10.5
106.0,2015,9.6,98.1,25.8
106.0,2015,9.6,188.6,25.8
401.0,2009,10.8,28.1,12.3
401.0,2009,10.8,79.4,12.3
401.0,2012,8.9,25.1,9.8
401.0,2012,8.9,48.8,9.8
201.0,2017,8.5,14.0,4.0
201.0,2017,8.5,21.0,4.0
306.0,2015,10.3,53.6,6.9
306.0,2015,10.3,20.4,6.9
203.0,2015,8.9,124.6,12.4
203.0,2015,8.9,68.1,12.4
303.0,2015,9.5,215.5,20.3
303.0,2015,9.5,111.6,20.3
103.0,2015,9.1,153.6,19.4
103.0,2015,9.1,64.1,19.4
301.0,2009,12.3,138.5,12.5
301.0,2009,12.3,44.5,12.5
301.0,2012,10.1,111.6,10.5
301.0,2012,10.1,40.4,10.5
101.0,2009,13.2,60.7,18.6
101.0,2009,13.2,25.4,18.6
101.0,2012,11.1,82.3,13.8
101.0,2012,11.1,27.1,13.8
101.0,2017,9.0,48.0,9.0
101.0,2017,9.0,16.0,9.0
301.0,2015,9.6,81.6,10.3
301.0,2015,9.6,32.9,10.3
101.0,2009,12.3,60.7,18.6
101.0,2009,12.3,25.4,18.6
402.0,2017,10.7,12.0,5.0
402.0,2017,10.7,51.0,5.0
208.0,2009,10.1,81.7,12.5
208.0,2009,10.1,40.9,12.5
202.0,2015,8.9,24.1,7.8
202.0,2015,8.9,46.4,7.8
107.0,2017,8.8,147.0,15.0
107.0,2017,8.8,83.0,15.0
2.0,2017,8.5,54.0,7.0
2.0,2017,8.5,30.0,7.0
207.0,2015,7.6,41.9,9.7
207.0,2015,7.6,84.2,9.7
1.0,2012,10.5,183.6,18.0
1.0,2012,10.5,183.6,11.7
1.0,2012,10.5,83.7,18.0
1.0,2012,10.5,83.7,11.7
1.0,2012,10.5,97.8,18.0
1.0,2012,10.5,97.8,11.7
1.0,2012,10.5,42.2,18.0
1.0,2012,10.5,42.2,11.7
308.0,2012,12.1,7.2,5.3
308.0,2012,12.1,18.1,5.3
310.0,2009,10.8,57.2,5.8
310.0,2009,10.8,25.7,5.8
310.0,2012,8.4,52.3,6.1
310.0,2012,8.4,24.1,6.1
310.0,2015,7.4,35.4,6.6
310.0,2015,7.4,19.2,6.6
310.0,2009,9.8,57.2,5.8
310.0,2009,9.8,25.7,5.8
205.0,2012,10.9,28.0,9.4
205.0,2012,10.9,45.5,9.4
207.0,2017,9.6,37.0,6.0
207.0,2017,9.6,75.0,6.0
407.0,2009,9.4,80.0,10.5
407.0,2009,9.4,29.8,10.5
107.0,2015,10.4,104.6,26.5
107.0,2015,10.4,194.7,26.5
308.0,2012,12.6,7.2,5.3
308.0,2012,12.6,18.1,5.3
2.0,2009,9.7,93.1,13.3
2.0,2009,9.7,48.5,13.3
304.0,2015,8.1,23.2,8.5
304.0,2015,8.1,51.9,8.5
303.0,2017,9.3,90.0,10.0
303.0,2017,9.3,160.0,10.0
308.0,2017,10.7,14.0,3.0
308.0,2017,10.7,6.0,3.0
207.0,2009,10.3,115.8,10.5
207.0,2009,10.3,57.9,10.5
207.0,2017,8.9,37.0,6.0
207.0,2017,8.9,75.0,6.0
202.0,2015,9.9,24.1,7.8
202.0,2015,9.9,46.4,7.8
104.0,2017,9.3,34.0,10.0
104.0,2017,9.3,80.0,10.0
401.0,2012,10.5,25.1,9.8
401.0,2012,10.5,48.8,9.8
301.0,2012,11.8,111.6,10.5
301.0,2012,11.8,40.4,10.5
302.0,2015,8.8,193.1,14.9
302.0,2015,8.8,95.1,14.9
204.0,2012,10.3,141.6,14.0
204.0,2012,10.3,84.9,14.0
204.0,2017,8.2,99.0,9.0
204.0,2017,8.2,58.0,9.0
208.0,2009,10.4,81.7,12.5
208.0,2009,10.4,40.9,12.5
208.0,2012,8.9,70.9,11.1
208.0,2012,8.9,35.1,11.1
306.0,2012,11.1,28.5,9.4
306.0,2012,11.1,75.6,9.4
208.0,2017,9.5,55.0,8.0
208.0,2017,9.5,27.0,8.0
408.0,2009,9.7,115.8,12.7
408.0,2009,9.7,41.6,12.7
408.0,2017,8.6,59.0,6.0
408.0,2017,8.6,23.0,6.0
406.0,2017,8.8,34.0,5.0
406.0,2017,8.8,10.0,5.0
106.0,2015,11.2,98.1,25.8
106.0,2015,11.2,188.6,25.8
306.0,2015,9.9,53.6,6.9
306.0,2015,9.9,20.4,6.9
308.0,2015,8.9,14.2,4.7
308.0,2015,8.9,6.5,4.7
106.0,2015,10.2,98.1,25.8
106.0,2015,10.2,188.6,25.8
303.0,2015,8.2,215.5,20.3
303.0,2015,8.2,111.6,20.3
103.0,2015,7.6,153.6,19.4
103.0,2015,7.6,64.1,19.4
105.0,2015,8.2,87.1,21.4
105.0,2015,8.2,167.2,21.4
305.0,2015,7.7,18.6,6.7
305.0,2015,7.7,6.6,6.7
305.0,2017,9.0,6.0,5.0
305.0,2017,9.0,16.0,5.0
405.0,2009,9.8,14.9,12.4
405.0,2009,9.8,51.1,12.4
302.0,2012,10.9,253.1,16.5
302.0,2012,10.9,116.4,16.5
201.0,2015,9.5,27.4,6.6
201.0,2015,9.5,19.9,6.6
211.0,2012,10.9,97.2,15.9
211.0,2012,10.9,165.3,15.9
107.0,2015,9.8,104.6,26.5
107.0,2015,9.8,194.7,26.5
107.0,2015,8.5,104.6,26.5
107.0,2015,8.5,194.7,26.5
205.0,2015,10.0,34.4,7.4
205.0,2015,10.0,18.6,7.4
209.0,2015,7.6,16.8,8.9
209.0,2015,7.6,8.5,8.9
208.0,2009,9.5,81.7,12.5
208.0,2009,9.5,40.9,12.5
1.0,2009,11.0,67.0,20.6
1.0,2009,11.0,67.0,14.1
1.0,2009,11.0,128.2,20.6
1.0,2009,11.0,128.2,14.1
1.0,2009,11.0,106.8,20.6
1.0,2009,11.0,106.8,14.1
1.0,2009,11.0,45.1,20.6
1.0,2009,11.0,45.1,14.1
1.0,2017,9.6,52.0,12.0
1.0,2017,9.6,52.0,7.0
1.0,2017,9.6,108.0,12.0
1.0,2017,9.6,108.0,7.0
1.0,2017,9.6,62.0,12.0
1.0,2017,9.6,62.0,7.0
1.0,2017,9.6,28.0,12.0
1.0,2017,9.6,28.0,7.0
2.0,2017,9.1,54.0,7.0
2.0,2017,9.1,30.0,7.0
204.0,2015,10.4,71.4,13.2
204.0,2015,10.4,118.4,13.2
206.0,2012,10.1,18.7,9.1
206.0,2012,10.1,11.2,9.1
206.0,2009,9.6,19.5,11.8
206.0,2009,9.6,13.2,11.8
307.0,2009,14.3,69.7,8.6
307.0,2009,14.3,20.7,8.6
2.0,2009,10.0,93.1,13.3
2.0,2009,10.0,48.5,13.3
103.0,2012,11.6,191.4,17.1
103.0,2012,11.6,77.6,17.1
103.0,2009,10.6,122.8,20.5
103.0,2009,10.6,68.7,20.5
107.0,2009,8.9,138.1,30.2
107.0,2009,8.9,251.3,30.2
103.0,2017,8.2,112.0,11.0
103.0,2017,8.2,49.0,11.0
407.0,2017,8.4,16.0,5.0
407.0,2017,8.4,38.0,5.0
207.0,2017,8.9,37.0,6.0
207.0,2017,8.9,75.0,6.0
105.0,2015,11.3,87.1,21.4
105.0,2015,11.3,167.2,21.4
405.0,2012,10.5,43.6,10.7
405.0,2012,10.5,14.5,10.7
303.0,2017,8.1,90.0,10.0
303.0,2017,8.1,160.0,10.0
304.0,2009,12.1,74.2,11.6
304.0,2009,12.1,25.5,11.6
303.0,2017,10.1,90.0,10.0
303.0,2017,10.1,160.0,10.0
403.0,2017,8.9,6.0,5.0
403.0,2017,8.9,25.0,5.0
103.0,2017,9.4,112.0,11.0
103.0,2017,9.4,49.0,11.0
204.0,2009,10.2,85.0,13.9
204.0,2009,10.2,153.2,13.9
101.0,2012,12.3,82.3,13.8
101.0,2012,12.3,27.1,13.8
208.0,2017,8.5,55.0,8.0
208.0,2017,8.5,27.0,8.0
303.0,2009,11.0,299.4,29.2
303.0,2009,11.0,147.1,29.2
303.0,2017,7.6,90.0,10.0
303.0,2017,7.6,160.0,10.0
1.0,2017,7.7,52.0,12.0
1.0,2017,7.7,52.0,7.0
1.0,2017,7.7,108.0,12.0
1.0,2017,7.7,108.0,7.0
1.0,2017,7.7,62.0,12.0
1.0,2017,7.7,62.0,7.0
1.0,2017,7.7,28.0,12.0
1.0,2017,7.7,28.0,7.0
107.0,2015,10.4,104.6,26.5
107.0,2015,10.4,194.7,26.5
404.0,2009,9.9,22.1,10.2
404.0,2009,9.9,6.7,10.2
103.0,2009,10.4,122.8,20.5
103.0,2009,10.4,68.7,20.5
103.0,2017,10.1,112.0,11.0
103.0,2017,10.1,49.0,11.0
205.0,2017,9.3,33.0,6.0
205.0,2017,9.3,18.0,6.0
207.0,2015,7.8,41.9,9.7
207.0,2015,7.8,84.2,9.7
205.0,2017,8.1,33.0,6.0
205.0,2017,8.1,18.0,6.0
409.0,2009,8.9,27.4,10.0
409.0,2009,8.9,70.5,10.0
409.0,2017,8.4,11.0,3.0
409.0,2017,8.4,35.0,3.0
307.0,2015,8.5,16.5,6.9
307.0,2015,8.5,44.5,6.9
208.0,2012,10.1,70.9,11.1
208.0,2012,10.1,35.1,11.1
206.0,2009,11.8,19.5,11.8
206.0,2009,11.8,13.2,11.8
306.0,2017,10.2,50.0,4.0
306.0,2017,10.2,18.0,4.0
306.0,2015,8.9,53.6,6.9
306.0,2015,8.9,20.4,6.9
104.0,2015,9.8,105.2,15.9
104.0,2015,9.8,44.6,15.9
408.0,2009,10.1,115.8,12.7
408.0,2009,10.1,41.6,12.7
308.0,2012,10.8,7.2,5.3
308.0,2012,10.8,18.1,5.3
408.0,2009,10.1,115.8,12.7
408.0,2009,10.1,41.6,12.7
408.0,2009,9.7,115.8,12.7
408.0,2009,9.7,41.6,12.7
407.0,2009,9.7,80.0,10.5
407.0,2009,9.7,29.8,10.5
302.0,2015,8.0,193.1,14.9
302.0,2015,8.0,95.1,14.9
102.0,2012,10.2,57.7,14.2
102.0,2012,10.2,139.9,14.2
307.0,2017,11.5,35.0,5.0
307.0,2017,11.5,12.0,5.0
303.0,2009,10.1,299.4,29.2
303.0,2009,10.1,147.1,29.2
203.0,2009,11.7,178.4,16.3
203.0,2009,11.7,95.4,16.3
403.0,2009,9.3,38.0,11.3
403.0,2009,9.3,9.3,11.3
203.0,2017,9.1,107.0,8.0
203.0,2017,9.1,55.0,8.0
309.0,2015,9.0,31.6,10.7
309.0,2015,9.0,102.2,10.7
210.0,2012,9.9,29.4,13.7
210.0,2012,9.9,17.9,13.7
401.0,2017,10.2,42.0,5.0
401.0,2017,10.2,16.0,5.0
211.0,2009,10.4,184.6,18.2
211.0,2009,10.4,106.8,18.2
310.0,2012,10.2,52.3,6.1
310.0,2012,10.2,24.1,6.1
211.0,2017,9.2,88.0,8.0
211.0,2017,9.2,51.0,8.0
309.0,2015,8.7,31.6,10.7
309.0,2015,8.7,102.2,10.7
304.0,2015,8.8,23.2,8.5
304.0,2015,8.8,51.9,8.5
303.0,2012,10.4,241.3,22.2
303.0,2012,10.4,129.6,22.2
203.0,2012,11.7,164.8,14.1
203.0,2012,11.7,91.2,14.1
203.0,2009,10.6,178.4,16.3
203.0,2009,10.6,95.4,16.3
403.0,2009,9.2,38.0,11.3
403.0,2009,9.2,9.3,11.3
206.0,2009,11.1,19.5,11.8
206.0,2009,11.1,13.2,11.8
206.0,2017,7.9,10.0,6.0
206.0,2017,7.9,14.0,6.0
403.0,2015,7.2,29.4,10.2
403.0,2015,7.2,7.9,10.2
203.0,2009,10.9,178.4,16.3
203.0,2009,10.9,95.4,16.3
205.0,2017,8.1,33.0,6.0
205.0,2017,8.1,18.0,6.0
309.0,2009,12.3,151.9,15.5
309.0,2009,12.3,45.5,15.5
310.0,2009,13.2,57.2,5.8
310.0,2009,13.2,25.7,5.8
210.0,2015,7.7,31.4,14.7
210.0,2015,7.7,18.2,14.7
205.0,2009,10.6,51.3,12.5
205.0,2009,10.6,35.0,12.5
205.0,2017,9.8,33.0,6.0
205.0,2017,9.8,18.0,6.0
404.0,2015,6.9,12.2,8.2
404.0,2015,6.9,4.9,8.2
104.0,2015,7.5,105.2,15.9
104.0,2015,7.5,44.6,15.9
407.0,2015,8.5,43.0,9.0
407.0,2015,8.5,18.6,9.0
307.0,2015,9.6,16.5,6.9
307.0,2015,9.6,44.5,6.9
5.0,2017,6.8,19.0,10.0
5.0,2017,6.8,30.0,10.0
405.0,2012,8.8,43.6,10.7
405.0,2012,8.8,14.5,10.7
405.0,2009,10.9,14.9,12.4
405.0,2009,10.9,51.1,12.4
102.0,2015,7.6,108.6,15.4
102.0,2015,7.6,48.4,15.4
306.0,2015,11.4,53.6,6.9
306.0,2015,11.4,20.4,6.9
302.0,2015,8.4,193.1,14.9
302.0,2015,8.4,95.1,14.9
304.0,2009,11.3,74.2,11.6
304.0,2009,11.3,25.5,11.6
208.0,2015,8.1,31.4,11.9
208.0,2015,8.1,61.4,11.9
203.0,2009,11.0,178.4,16.3
203.0,2009,11.0,95.4,16.3
403.0,2009,10.4,38.0,11.3
403.0,2009,10.4,9.3,11.3
403.0,2012,8.4,29.3,8.9
403.0,2012,8.4,9.6,8.9
303.0,2012,8.8,241.3,22.2
303.0,2012,8.8,129.6,22.2
304.0,2009,11.0,74.2,11.6
304.0,2009,11.0,25.5,11.6
404.0,2012,8.9,13.4,7.0
404.0,2012,8.9,6.6,7.0
304.0,2017,9.3,40.0,5.0
304.0,2017,9.3,18.0,5.0
203.0,2017,9.8,107.0,8.0
203.0,2017,9.8,55.0,8.0
209.0,2009,9.5,20.7,10.4
209.0,2009,9.5,11.3,10.4
201.0,2012,11.7,43.5,8.2
201.0,2012,11.7,26.9,8.2
201.0,2015,10.5,27.4,6.6
201.0,2015,10.5,19.9,6.6
101.0,2015,8.4,25.8,14.8
101.0,2015,8.4,65.8,14.8
103.0,2015,8.3,153.6,19.4
103.0,2015,8.3,64.1,19.4
202.0,2017,10.1,43.0,6.0
202.0,2017,10.1,23.0,6.0
301.0,2009,12.1,138.5,12.5
301.0,2009,12.1,44.5,12.5
302.0,2012,12.2,253.1,16.5
302.0,2012,12.2,116.4,16.5
303.0,2015,9.0,215.5,20.3
303.0,2015,9.0,111.6,20.3
404.0,2015,8.7,12.2,8.2
404.0,2015,8.7,4.9,8.2
203.0,2012,10.7,164.8,14.1
203.0,2012,10.7,91.2,14.1
403.0,2012,10.0,29.3,8.9
403.0,2012,10.0,9.6,8.9
208.0,2012,10.0,70.9,11.1
208.0,2012,10.0,35.1,11.1
103.0,2015,9.1,153.6,19.4
103.0,2015,9.1,64.1,19.4
309.0,2015,9.7,31.6,10.7
309.0,2015,9.7,102.2,10.7
310.0,2015,10.3,35.4,6.6
310.0,2015,10.3,19.2,6.6
209.0,2009,9.2,20.7,10.4
209.0,2009,9.2,11.3,10.4
303.0,2015,8.6,215.5,20.3
303.0,2015,8.6,111.6,20.3
403.0,2015,7.7,29.4,10.2
403.0,2015,7.7,7.9,10.2
205.0,2015,9.3,34.4,7.4
205.0,2015,9.3,18.6,7.4
303.0,2009,10.4,299.4,29.2
303.0,2009,10.4,147.1,29.2
403.0,2009,9.3,38.0,11.3
403.0,2009,9.3,9.3,11.3
103.0,2009,10.3,122.8,20.5
103.0,2009,10.3,68.7,20.5
205.0,2012,10.8,28.0,9.4
205.0,2012,10.8,45.5,9.4
201.0,2012,11.6,43.5,8.2
201.0,2012,11.6,26.9,8.2
201.0,2015,11.0,27.4,6.6
201.0,2015,11.0,19.9,6.6
201.0,2009,10.6,59.6,10.0
201.0,2009,10.6,28.2,10.0
304.0,2012,12.6,63.9,10.2
304.0,2012,12.6,23.5,10.2
404.0,2012,9.4,13.4,7.0
404.0,2012,9.4,6.6,7.0
404.0,2009,9.0,22.1,10.2
404.0,2009,9.0,6.7,10.2
211.0,2015,8.7,107.9,11.0
211.0,2015,8.7,67.3,11.0
107.0,2015,8.9,104.6,26.5
107.0,2015,8.9,194.7,26.5
307.0,2015,10.1,16.5,6.9
307.0,2015,10.1,44.5,6.9
407.0,2015,9.4,43.0,9.0
407.0,2015,9.4,18.6,9.0
207.0,2009,10.3,115.8,10.5
207.0,2009,10.3,57.9,10.5
406.0,2015,7.5,36.2,8.5
406.0,2015,7.5,12.7,8.5
306.0,2015,12.0,53.6,6.9
306.0,2015,12.0,20.4,6.9
102.0,2015,9.7,108.6,15.4
102.0,2015,9.7,48.4,15.4
306.0,2015,10.3,53.6,6.9
306.0,2015,10.3,20.4,6.9
305.0,2015,8.3,18.6,6.7
305.0,2015,8.3,6.6,6.7
306.0,2009,13.2,88.6,9.0
306.0,2009,13.2,25.3,9.0
405.0,2012,10.3,43.6,10.7
405.0,2012,10.3,14.5,10.7
405.0,2009,9.7,14.9,12.4
405.0,2009,9.7,51.1,12.4
208.0,2015,7.1,31.4,11.9
208.0,2015,7.1,61.4,11.9
101.0,2015,9.6,25.8,14.8
101.0,2015,9.6,65.8,14.8
102.0,2012,10.6,57.7,14.2
102.0,2012,10.6,139.9,14.2
401.0,2017,10.2,42.0,5.0
401.0,2017,10.2,16.0,5.0
206.0,2017,8.8,10.0,6.0
206.0,2017,8.8,14.0,6.0
208.0,2009,9.5,81.7,12.5
208.0,2009,9.5,40.9,12.5
206.0,2009,10.1,19.5,11.8
206.0,2009,10.1,13.2,11.8
208.0,2017,8.5,55.0,8.0
208.0,2017,8.5,27.0,8.0
4.0,2009,10.3,74.8,11.4
4.0,2009,10.3,23.1,11.4
309.0,2012,11.5,36.2,12.0
309.0,2012,11.5,114.8,12.0
101.0,2009,12.1,60.7,18.6
101.0,2009,12.1,25.4,18.6
101.0,2012,12.8,82.3,13.8
101.0,2012,12.8,27.1,13.8
210.0,2012,9.8,29.4,13.7
210.0,2012,9.8,17.9,13.7
309.0,2015,10.5,31.6,10.7
309.0,2015,10.5,102.2,10.7
310.0,2012,12.8,52.3,6.1
310.0,2012,12.8,24.1,6.1
202.0,2015,8.5,24.1,7.8
202.0,2015,8.5,46.4,7.8
308.0,2015,9.5,14.2,4.7
308.0,2015,9.5,6.5,4.7
408.0,2009,9.3,115.8,12.7
408.0,2009,9.3,41.6,12.7
408.0,2012,9.7,91.4,9.8
408.0,2012,9.7,39.6,9.8
406.0,2012,10.3,38.1,8.1
406.0,2012,10.3,16.7,8.1
206.0,2012,11.7,18.7,9.1
206.0,2012,11.7,11.2,9.1
406.0,2012,10.3,38.1,8.1
406.0,2012,10.3,16.7,8.1
501.0,2012,8.3,85.9,14.0
501.0,2012,8.3,54.0,14.0
301.0,2009,10.8,138.5,12.5
301.0,2009,10.8,44.5,12.5
401.0,2012,11.2,25.1,9.8
401.0,2012,11.2,48.8,9.8
304.0,2012,12.6,63.9,10.2
304.0,2012,12.6,23.5,10.2
304.0,2009,11.0,74.2,11.6
304.0,2009,11.0,25.5,11.6
410.0,2017,6.3,33.0,10.0
410.0,2017,6.3,46.0,10.0
102.0,2017,9.0,81.0,10.0
102.0,2017,9.0,36.0,10.0
402.0,2009,12.1,15.6,9.6
402.0,2009,12.1,75.2,9.6
402.0,2012,10.1,49.0,7.5
402.0,2012,10.1,13.6,7.5
402.0,2017,8.9,12.0,5.0
402.0,2017,8.9,51.0,5.0
409.0,2015,6.5,39.5,8.2
409.0,2015,6.5,17.9,8.2
106.0,2017,8.2,78.0,15.0
106.0,2017,8.2,138.0,15.0
410.0,2012,7.6,57.9,10.2
410.0,2012,7.6,42.3,10.2
410.0,2009,9.6,47.8,18.8
410.0,2009,9.6,111.8,18.8
210.0,2009,10.4,35.1,15.4
210.0,2009,10.4,19.8,15.4
102.0,2012,10.9,57.7,14.2
102.0,2012,10.9,139.9,14.2
209.0,2015,8.1,16.8,8.9
209.0,2015,8.1,8.5,8.9
309.0,2015,9.3,31.6,10.7
309.0,2015,9.3,102.2,10.7
105.0,2012,9.8,214.1,20.8
105.0,2012,9.8,118.1,20.8
104.0,2012,11.4,58.8,13.9
104.0,2012,11.4,133.9,13.9
104.0,2017,9.4,34.0,10.0
104.0,2017,9.4,80.0,10.0
406.0,2017,7.4,34.0,5.0
406.0,2017,7.4,10.0,5.0
503.0,2012,10.1,26.7,13.5
503.0,2012,10.1,15.9,13.5
407.0,2015,7.3,43.0,9.0
407.0,2015,7.3,18.6,9.0
504.0,2009,10.4,21.0,11.7
504.0,2009,10.4,11.8,11.7
504.0,2017,6.6,7.0,10.0
504.0,2017,6.6,11.0,10.0
211.0,2012,9.4,97.2,15.9
211.0,2012,9.4,165.3,15.9
104.0,2012,8.7,58.8,13.9
104.0,2012,8.7,133.9,13.9
105.0,2017,10.9,119.0,13.0
105.0,2017,10.9,67.0,13.0
406.0,2015,7.0,36.2,8.5
406.0,2015,7.0,12.7,8.5
101.0,2017,8.0,48.0,9.0
101.0,2017,8.0,16.0,9.0
302.0,2017,8.4,138.0,8.0
302.0,2017,8.4,75.0,8.0
302.0,2009,11.4,291.1,18.8
302.0,2009,11.4,137.0,18.8
402.0,2009,11.1,15.6,9.6
402.0,2009,11.1,75.2,9.6
503.0,2009,9.1,32.8,13.5
503.0,2009,9.1,16.0,13.5
503.0,2017,7.9,15.0,10.0
503.0,2017,7.9,13.0,10.0
304.0,2012,10.5,63.9,10.2
304.0,2012,10.5,23.5,10.2
402.0,2012,9.1,49.0,7.5
402.0,2012,9.1,13.6,7.5
201.0,2009,10.2,59.6,10.0
201.0,2009,10.2,28.2,10.0
402.0,2009,9.8,15.6,9.6
402.0,2009,9.8,75.2,9.6
302.0,2017,9.9,138.0,8.0
302.0,2017,9.9,75.0,8.0
404.0,2012,10.5,13.4,7.0
404.0,2012,10.5,6.6,7.0
501.0,2009,10.6,64.5,16.6
501.0,2009,10.6,92.0,16.6
501.0,2017,7.0,44.0,10.0
501.0,2017,7.0,58.0,10.0
201.0,2009,11.7,59.6,10.0
201.0,2009,11.7,28.2,10.0
201.0,2012,10.0,43.5,8.2
201.0,2012,10.0,26.9,8.2
102.0,2009,11.5,73.4,18.6
102.0,2009,11.5,37.6,18.6
102.0,2017,10.7,81.0,10.0
102.0,2017,10.7,36.0,10.0
304.0,2017,8.3,40.0,5.0
304.0,2017,8.3,18.0,5.0
211.0,2009,12.7,184.6,18.2
211.0,2009,12.7,106.8,18.2
211.0,2017,8.2,88.0,8.0
211.0,2017,8.2,51.0,8.0
106.0,2017,11.1,78.0,15.0
106.0,2017,11.1,138.0,15.0
105.0,2017,10.1,119.0,13.0
105.0,2017,10.1,67.0,13.0
205.0,2017,9.8,33.0,6.0
205.0,2017,9.8,18.0,6.0
403.0,2017,8.9,6.0,5.0
403.0,2017,8.9,25.0,5.0
405.0,2017,7.7,9.0,5.0
405.0,2017,7.7,24.0,5.0
4.0,2012,8.4,53.2,8.7
4.0,2012,8.4,20.6,8.7
501.0,2009,9.2,64.5,16.6
501.0,2009,9.2,92.0,16.6
201.0,2009,11.6,59.6,10.0
201.0,2009,11.6,28.2,10.0
409.0,2017,8.4,11.0,3.0
409.0,2017,8.4,35.0,3.0
106.0,2009,12.2,249.3,27.6
106.0,2009,12.2,130.1,27.6
106.0,2017,10.1,78.0,15.0
106.0,2017,10.1,138.0,15.0
405.0,2017,9.3,9.0,5.0
405.0,2017,9.3,24.0,5.0
409.0,2017,7.2,11.0,3.0
409.0,2017,7.2,35.0,3.0
209.0,2017,7.6,14.0,6.0
209.0,2017,7.6,8.0,6.0
211.0,2012,8.7,97.2,15.9
211.0,2012,8.7,165.3,15.9
211.0,2009,10.3,184.6,18.2
211.0,2009,10.3,106.8,18.2
211.0,2017,7.4,88.0,8.0
211.0,2017,7.4,51.0,8.0
211.0,2009,10.4,184.6,18.2
211.0,2009,10.4,106.8,18.2
203.0,2012,9.4,164.8,14.1
203.0,2012,9.4,91.2,14.1
102.0,2017,9.3,81.0,10.0
102.0,2017,9.3,36.0,10.0
101.0,2017,9.5,48.0,9.0
101.0,2017,9.5,16.0,9.0
102.0,2009,10.2,73.4,18.6
102.0,2009,10.2,37.6,18.6
307.0,2012,14.0,57.6,8.9
307.0,2012,14.0,24.0,8.9
408.0,2012,10.0,91.4,9.8
408.0,2012,10.0,39.6,9.8
407.0,2012,9.9,61.0,8.3
407.0,2012,9.9,23.6,8.3
503.0,2009,10.4,32.8,13.5
503.0,2009,10.4,16.0,13.5
307.0,2009,15.1,69.7,8.6
307.0,2009,15.1,20.7,8.6
307.0,2015,11.7,16.5,6.9
307.0,2015,11.7,44.5,6.9
208.0,2015,7.6,31.4,11.9
208.0,2015,7.6,61.4,11.9
301.0,2017,9.9,62.0,6.0
301.0,2017,9.9,23.0,6.0
202.0,2009,10.7,89.1,13.1
202.0,2009,10.7,40.7,13.1
504.0,2009,9.0,21.0,11.7
504.0,2009,9.0,11.8,11.7
301.0,2009,12.1,138.5,12.5
301.0,2009,12.1,44.5,12.5
103.0,2015,9.7,153.6,19.4
103.0,2015,9.7,64.1,19.4
303.0,2015,10.2,215.5,20.3
303.0,2015,10.2,111.6,20.3
303.0,2009,10.4,299.4,29.2
303.0,2009,10.4,147.1,29.2
403.0,2015,9.3,29.4,10.2
403.0,2015,9.3,7.9,10.2
104.0,2017,7.5,34.0,10.0
104.0,2017,7.5,80.0,10.0
208.0,2015,9.0,31.4,11.9
208.0,2015,9.0,61.4,11.9
4.0,2009,9.4,74.8,11.4
4.0,2009,9.4,23.1,11.4
408.0,2017,7.1,59.0,6.0
408.0,2017,7.1,23.0,6.0
206.0,2012,8.5,18.7,9.1
206.0,2012,8.5,11.2,9.1
401.0,2009,11.6,28.1,12.3
401.0,2009,11.6,79.4,12.3
408.0,2017,8.6,59.0,6.0
408.0,2017,8.6,23.0,6.0
405.0,2009,9.7,14.9,12.4
405.0,2009,9.7,51.1,12.4
206.0,2009,10.1,19.5,11.8
206.0,2009,10.1,13.2,11.8
501.0,2015,7.1,45.6,17.4
501.0,2015,7.1,66.9,17.4
303.0,2009,11.5,299.4,29.2
303.0,2009,11.5,147.1,29.2
303.0,2012,9.7,241.3,22.2
303.0,2012,9.7,129.6,22.2
304.0,2017,8.3,40.0,5.0
304.0,2017,8.3,18.0,5.0
403.0,2012,8.4,29.3,8.9
403.0,2012,8.4,9.6,8.9
403.0,2009,10.2,38.0,11.3
403.0,2009,10.2,9.3,11.3
204.0,2012,8.7,141.6,14.0
204.0,2012,8.7,84.9,14.0
209.0,2009,9.2,20.7,10.4
209.0,2009,9.2,11.3,10.4
301.0,2017,9.9,62.0,6.0
301.0,2017,9.9,23.0,6.0
304.0,2017,10.1,40.0,5.0
304.0,2017,10.1,18.0,5.0
104.0,2009,10.1,121.9,19.7
104.0,2009,10.1,57.5,19.7
403.0,2009,9.5,38.0,11.3
403.0,2009,9.5,9.3,11.3
201.0,2009,10.2,59.6,10.0
201.0,2009,10.2,28.2,10.0
201.0,2017,10.8,14.0,4.0
201.0,2017,10.8,21.0,4.0
210.0,2015,7.5,31.4,14.7
210.0,2015,7.5,18.2,14.7
410.0,2012,9.7,57.9,10.2
410.0,2012,9.7,42.3,10.2
301.0,2015,7.8,81.6,10.3
301.0,2015,7.8,32.9,10.3
101.0,2012,10.2,82.3,13.8
101.0,2012,10.2,27.1,13.8
301.0,2012,10.5,111.6,10.5
301.0,2012,10.5,40.4,10.5
401.0,2009,10.1,28.1,12.3
401.0,2009,10.1,79.4,12.3
5.0,2009,9.1,28.1,14.2
5.0,2009,9.1,50.5,14.2
407.0,2015,8.9,43.0,9.0
407.0,2015,8.9,18.6,9.0
407.0,2017,6.9,16.0,5.0
407.0,2017,6.9,38.0,5.0
202.0,2017,10.1,43.0,6.0
202.0,2017,10.1,23.0,6.0
207.0,2012,8.6,49.9,10.6
207.0,2012,8.6,102.4,10.6
407.0,2012,8.1,61.0,8.3
407.0,2012,8.1,23.6,8.3
106.0,2015,8.2,98.1,25.8
106.0,2015,8.2,188.6,25.8
210.0,2015,6.8,31.4,14.7
210.0,2015,6.8,18.2,14.7
206.0,2012,10.2,18.7,9.1
206.0,2012,10.2,11.2,9.1
3.0,2015,10.8,34.8,9.6
3.0,2015,10.8,93.5,9.6
410.0,2009,8.0,47.8,18.8
410.0,2009,8.0,111.8,18.8
410.0,2015,8.3,39.0,16.9
410.0,2015,8.3,55.0,16.9
402.0,2012,11.7,49.0,7.5
402.0,2012,11.7,13.6,7.5
407.0,2015,7.5,43.0,9.0
407.0,2015,7.5,18.6,9.0
102.0,2015,7.6,108.6,15.4
102.0,2015,7.6,48.4,15.4
101.0,2015,7.5,25.8,14.8
101.0,2015,7.5,65.8,14.8
307.0,2015,10.8,16.5,6.9
307.0,2015,10.8,44.5,6.9
303.0,2009,9.9,299.4,29.2
303.0,2009,9.9,147.1,29.2
303.0,2015,9.6,215.5,20.3
303.0,2015,9.6,111.6,20.3
404.0,2009,9.8,22.1,10.2
404.0,2009,9.8,6.7,10.2
404.0,2012,10.5,13.4,7.0
404.0,2012,10.5,6.6,7.0
307.0,2015,12.5,16.5,6.9
307.0,2015,12.5,44.5,6.9
308.0,2009,11.6,24.5,5.4
308.0,2009,11.6,9.2,5.4
104.0,2012,12.5,58.8,13.9
104.0,2012,12.5,133.9,13.9
205.0,2015,8.4,34.4,7.4
205.0,2015,8.4,18.6,7.4
211.0,2017,9.9,88.0,8.0
211.0,2017,9.9,51.0,8.0
401.0,2015,10.5,46.1,9.3
401.0,2015,10.5,21.8,9.3
401.0,2012,11.4,25.1,9.8
401.0,2012,11.4,48.8,9.8
501.0,2012,10.1,85.9,14.0
501.0,2012,10.1,54.0,14.0
101.0,2009,10.1,60.7,18.6
101.0,2009,10.1,25.4,18.6
501.0,2015,9.1,45.6,17.4
501.0,2015,9.1,66.9,17.4
210.0,2015,9.7,31.4,14.7
210.0,2015,9.7,18.2,14.7
501.0,2012,10.0,85.9,14.0
501.0,2012,10.0,54.0,14.0
201.0,2012,11.3,43.5,8.2
201.0,2012,11.3,26.9,8.2
401.0,2015,9.7,46.1,9.3
401.0,2015,9.7,21.8,9.3
502.0,2015,8.8,49.5,17.6
502.0,2015,8.8,32.0,17.6
401.0,2009,9.4,28.1,12.3
401.0,2009,9.4,79.4,12.3
504.0,2009,8.7,21.0,11.7
504.0,2009,8.7,11.8,11.7
211.0,2009,10.3,184.6,18.2
211.0,2009,10.3,106.8,18.2
211.0,2012,12.2,97.2,15.9
211.0,2012,12.2,165.3,15.9
104.0,2009,9.7,121.9,19.7
104.0,2009,9.7,57.5,19.7
409.0,2015,7.3,39.5,8.2
409.0,2015,7.3,17.9,8.2
502.0,2015,6.8,49.5,17.6
502.0,2015,6.8,32.0,17.6
210.0,2017,8.2,30.0,10.0
210.0,2017,8.2,18.0,10.0
402.0,2012,10.8,49.0,7.5
402.0,2012,10.8,13.6,7.5
3.0,2012,12.8,116.7,10.9
3.0,2012,12.8,40.8,10.9
401.0,2015,9.0,46.1,9.3
401.0,2015,9.0,21.8,9.3
502.0,2015,7.8,49.5,17.6
502.0,2015,7.8,32.0,17.6
101.0,2015,10.6,25.8,14.8
101.0,2015,10.6,65.8,14.8
402.0,2009,10.6,15.6,9.6
402.0,2009,10.6,75.2,9.6
301.0,2009,10.7,138.5,12.5
301.0,2009,10.7,44.5,12.5
101.0,2015,11.0,25.8,14.8
101.0,2015,11.0,65.8,14.8
102.0,2009,11.6,73.4,18.6
102.0,2009,11.6,37.6,18.6
5.0,2015,8.7,33.1,15.0
5.0,2015,8.7,20.8,15.0
207.0,2015,9.3,41.9,9.7
207.0,2015,9.3,84.2,9.7
104.0,2015,8.9,105.2,15.9
104.0,2015,8.9,44.6,15.9
503.0,2012,10.0,26.7,13.5
503.0,2012,10.0,15.9,13.5
205.0,2009,10.2,51.3,12.5
205.0,2009,10.2,35.0,12.5
205.0,2015,10.0,34.4,7.4
205.0,2015,10.0,18.6,7.4
408.0,2012,9.9,91.4,9.8
408.0,2012,9.9,39.6,9.8
104.0,2012,13.3,58.8,13.9
104.0,2012,13.3,133.9,13.9
104.0,2009,12.0,121.9,19.7
104.0,2009,12.0,57.5,19.7
203.0,2015,10.0,124.6,12.4
203.0,2015,10.0,68.1,12.4
303.0,2015,9.5,215.5,20.3
303.0,2015,9.5,111.6,20.3
102.0,2012,10.2,57.7,14.2
102.0,2012,10.2,139.9,14.2
207.0,2015,8.4,41.9,9.7
207.0,2015,8.4,84.2,9.7
305.0,2012,10.4,24.4,8.4
305.0,2012,10.4,8.0,8.4
102.0,2012,10.6,57.7,14.2
102.0,2012,10.6,139.9,14.2
410.0,2012,9.6,57.9,10.2
410.0,2012,9.6,42.3,10.2
410.0,2009,9.0,47.8,18.8
410.0,2009,9.0,111.8,18.8
301.0,2012,11.7,111.6,10.5
301.0,2012,11.7,40.4,10.5
101.0,2015,9.6,25.8,14.8
101.0,2015,9.6,65.8,14.8
210.0,2015,9.0,31.4,14.7
210.0,2015,9.0,18.2,14.7
410.0,2015,7.9,39.0,16.9
410.0,2015,7.9,55.0,16.9
310.0,2015,8.4,35.4,6.6
310.0,2015,8.4,19.2,6.6
501.0,2015,8.3,45.6,17.4
501.0,2015,8.3,66.9,17.4
101.0,2015,9.2,25.8,14.8
101.0,2015,9.2,65.8,14.8
4.0,2012,9.9,53.2,8.7
4.0,2012,9.9,20.6,8.7
4.0,2009,9.2,74.8,11.4
4.0,2009,9.2,23.1,11.4
4.0,2015,8.4,47.3,9.6
4.0,2015,8.4,17.9,9.6
503.0,2012,9.8,26.7,13.5
503.0,2012,9.8,15.9,13.5
302.0,2009,10.6,291.1,18.8
302.0,2009,10.6,137.0,18.8
402.0,2009,9.9,15.6,9.6
402.0,2009,9.9,75.2,9.6
407.0,2009,10.1,80.0,10.5
407.0,2009,10.1,29.8,10.5
208.0,2012,8.2,70.9,11.1
208.0,2012,8.2,35.1,11.1
1.0,2015,7.8,146.9,19.6
1.0,2015,7.8,146.9,11.8
1.0,2015,7.8,67.0,19.6
1.0,2015,7.8,67.0,11.8
1.0,2015,7.8,78.2,19.6
1.0,2015,7.8,78.2,11.8
1.0,2015,7.8,34.6,19.6
1.0,2015,7.8,34.6,11.8
503.0,2017,6.6,15.0,10.0
503.0,2017,6.6,13.0,10.0
204.0,2009,11.6,85.0,13.9
204.0,2009,11.6,153.2,13.9
204.0,2017,8.3,99.0,9.0
204.0,2017,8.3,58.0,9.0
107.0,2012,9.6,233.2,25.5
107.0,2012,9.6,130.6,25.5
107.0,2017,8.3,147.0,15.0
107.0,2017,8.3,83.0,15.0
1.0,2012,9.1,183.6,18.0
1.0,2012,9.1,183.6,11.7
1.0,2012,9.1,83.7,18.0
1.0,2012,9.1,83.7,11.7
1.0,2012,9.1,97.8,18.0
1.0,2012,9.1,97.8,11.7
1.0,2012,9.1,42.2,18.0
1.0,2012,9.1,42.2,11.7
303.0,2015,8.2,215.5,20.3
303.0,2015,8.2,111.6,20.3
205.0,2015,9.5,34.4,7.4
205.0,2015,9.5,18.6,7.4
204.0,2009,12.5,85.0,13.9
204.0,2009,12.5,153.2,13.9
204.0,2017,10.2,99.0,9.0
204.0,2017,10.2,58.0,9.0
205.0,2015,10.5,34.4,7.4
205.0,2015,10.5,18.6,7.4
205.0,2015,9.9,34.4,7.4
205.0,2015,9.9,18.6,7.4
102.0,2015,9.1,108.6,15.4
102.0,2015,9.1,48.4,15.4
207.0,2015,7.6,41.9,9.7
207.0,2015,7.6,84.2,9.7
209.0,2015,7.1,16.8,8.9
209.0,2015,7.1,8.5,8.9
405.0,2012,10.1,43.6,10.7
405.0,2012,10.1,14.5,10.7
405.0,2009,9.5,14.9,12.4
405.0,2009,9.5,51.1,12.4
305.0,2015,10.9,18.6,6.7
305.0,2015,10.9,6.6,6.7
501.0,2012,9.9,85.9,14.0
501.0,2012,9.9,54.0,14.0
211.0,2012,10.2,97.2,15.9
211.0,2012,10.2,165.3,15.9
402.0,2015,9.2,60.2,8.6
402.0,2015,9.2,14.7,8.6
211.0,2015,8.9,107.9,11.0
211.0,2015,8.9,67.3,11.0
211.0,2009,9.7,184.6,18.2
211.0,2009,9.7,106.8,18.2
211.0,2012,10.6,97.2,15.9
211.0,2012,10.6,165.3,15.9
406.0,2015,9.1,36.2,8.5
406.0,2015,9.1,12.7,8.5
502.0,2012,9.6,66.1,16.2
502.0,2012,9.6,39.6,16.2
503.0,2009,9.0,32.8,13.5
503.0,2009,9.0,16.0,13.5
503.0,2015,8.9,18.8,14.1
503.0,2015,8.9,12.9,14.1
203.0,2009,10.3,178.4,16.3
203.0,2009,10.3,95.4,16.3
5.0,2009,8.8,28.1,14.2
5.0,2009,8.8,50.5,14.2
504.0,2015,8.4,9.2,12.9
504.0,2015,8.4,13.7,12.9
310.0,2009,12.2,57.2,5.8
310.0,2009,12.2,25.7,5.8
310.0,2015,11.0,35.4,6.6
310.0,2015,11.0,19.2,6.6
410.0,2012,9.2,57.9,10.2
410.0,2012,9.2,42.3,10.2
309.0,2017,10.2,29.0,7.0
309.0,2017,10.2,90.0,7.0
310.0,2017,10.5,18.0,4.0
310.0,2017,10.5,33.0,4.0
206.0,2017,8.8,10.0,6.0
206.0,2017,8.8,14.0,6.0
101.0,2009,10.1,60.7,18.6
101.0,2009,10.1,25.4,18.6
410.0,2009,8.0,47.8,18.8
410.0,2009,8.0,111.8,18.8
3.0,2017,9.6,71.0,6.0
3.0,2017,9.6,28.0,6.0
208.0,2015,8.1,31.4,11.9
208.0,2015,8.1,61.4,11.9
503.0,2009,9.3,32.8,13.5
503.0,2009,9.3,16.0,13.5
405.0,2009,9.7,14.9,12.4
405.0,2009,9.7,51.1,12.4
410.0,2015,8.8,39.0,16.9
410.0,2015,8.8,55.0,16.9
406.0,2009,9.3,47.7,9.7
406.0,2009,9.3,17.2,9.7
407.0,2009,9.7,80.0,10.5
407.0,2009,9.7,29.8,10.5
302.0,2017,8.4,138.0,8.0
302.0,2017,8.4,75.0,8.0
309.0,2015,10.1,31.6,10.7
309.0,2015,10.1,102.2,10.7
310.0,2015,10.5,35.4,6.6
310.0,2015,10.5,19.2,6.6
403.0,2015,7.2,29.4,10.2
403.0,2015,7.2,7.9,10.2
203.0,2015,7.9,124.6,12.4
203.0,2015,7.9,68.1,12.4
501.0,2009,8.9,64.5,16.6
501.0,2009,8.9,92.0,16.6
201.0,2012,12.3,43.5,8.2
201.0,2012,12.3,26.9,8.2
201.0,2009,10.9,59.6,10.0
201.0,2009,10.9,28.2,10.0
504.0,2012,9.6,19.6,11.8
504.0,2012,9.6,12.3,11.8
204.0,2009,9.4,85.0,13.9
204.0,2009,9.4,153.2,13.9
504.0,2017,7.9,7.0,10.0
504.0,2017,7.9,11.0,10.0
101.0,2017,8.0,48.0,9.0
101.0,2017,8.0,16.0,9.0
301.0,2017,8.3,62.0,6.0
301.0,2017,8.3,23.0,6.0
404.0,2009,9.1,22.1,10.2
404.0,2009,9.1,6.7,10.2
404.0,2017,8.7,10.0,2.0
404.0,2017,8.7,2.0,2.0
207.0,2015,9.9,41.9,9.7
207.0,2015,9.9,84.2,9.7
307.0,2017,9.9,35.0,5.0
307.0,2017,9.9,12.0,5.0
102.0,2009,9.7,73.4,18.6
102.0,2009,9.7,37.6,18.6
101.0,2012,8.9,82.3,13.8
101.0,2012,8.9,27.1,13.8
302.0,2012,9.7,253.1,16.5
302.0,2012,9.7,116.4,16.5
201.0,2015,10.6,27.4,6.6
201.0,2015,10.6,19.9,6.6
202.0,2017,10.4,43.0,6.0
202.0,2017,10.4,23.0,6.0
406.0,2009,10.1,47.7,9.7
406.0,2009,10.1,17.2,9.7
308.0,2017,9.2,14.0,3.0
308.0,2017,9.2,6.0,3.0
310.0,2015,9.2,35.4,6.6
310.0,2015,9.2,19.2,6.6
402.0,2015,11.0,60.2,8.6
402.0,2015,11.0,14.7,8.6
502.0,2009,8.6,42.9,17.3
502.0,2009,8.6,76.1,17.3
502.0,2009,8.8,42.9,17.3
502.0,2009,8.8,76.1,17.3
410.0,2017,7.7,33.0,10.0
410.0,2017,7.7,46.0,10.0
210.0,2015,6.8,31.4,14.7
210.0,2015,6.8,18.2,14.7
209.0,2009,10.6,20.7,10.4
209.0,2009,10.6,11.3,10.4
209.0,2017,9.4,14.0,6.0
209.0,2017,9.4,8.0,6.0
406.0,2009,9.8,47.7,9.7
406.0,2009,9.8,17.2,9.7
306.0,2012,11.1,28.5,9.4
306.0,2012,11.1,75.6,9.4
206.0,2009,10.7,19.5,11.8
206.0,2009,10.7,13.2,11.8
208.0,2015,9.6,31.4,11.9
208.0,2015,9.6,61.4,11.9
408.0,2015,9.1,69.6,10.5
408.0,2015,9.1,29.7,10.5
104.0,2009,11.7,121.9,19.7
104.0,2009,11.7,57.5,19.7
107.0,2017,10.2,147.0,15.0
107.0,2017,10.2,83.0,15.0
403.0,2015,7.3,29.4,10.2
403.0,2015,7.3,7.9,10.2
402.0,2017,7.9,12.0,5.0
402.0,2017,7.9,51.0,5.0
102.0,2012,8.7,57.7,14.2
102.0,2012,8.7,139.9,14.2
102.0,2009,10.3,73.4,18.6
102.0,2009,10.3,37.6,18.6
405.0,2017,7.3,9.0,5.0
405.0,2017,7.3,24.0,5.0
302.0,2009,11.5,291.1,18.8
302.0,2009,11.5,137.0,18.8
402.0,2017,9.6,12.0,5.0
402.0,2017,9.6,51.0,5.0
407.0,2017,8.4,16.0,5.0
407.0,2017,8.4,38.0,5.0
107.0,2012,9.5,233.2,25.5
107.0,2012,9.5,130.6,25.5
305.0,2009,10.2,35.5,9.2
305.0,2009,10.2,9.4,9.2
405.0,2015,9.7,32.2,10.0
405.0,2015,9.7,12.8,10.0
105.0,2009,15.8,200.2,25.1
105.0,2009,15.8,131.3,25.1
105.0,2017,11.9,119.0,13.0
105.0,2017,11.9,67.0,13.0
405.0,2017,8.9,9.0,5.0
405.0,2017,8.9,24.0,5.0
201.0,2017,10.8,14.0,4.0
201.0,2017,10.8,21.0,4.0
407.0,2015,8.9,43.0,9.0
407.0,2015,8.9,18.6,9.0
208.0,2012,9.8,70.9,11.1
208.0,2012,9.8,35.1,11.1
107.0,2012,9.8,233.2,25.5
107.0,2012,9.8,130.6,25.5
107.0,2009,10.5,138.1,30.2
107.0,2009,10.5,251.3,30.2
1.0,2009,10.1,67.0,20.6
1.0,2009,10.1,67.0,14.1
1.0,2009,10.1,128.2,20.6
1.0,2009,10.1,128.2,14.1
1.0,2009,10.1,106.8,20.6
1.0,2009,10.1,106.8,14.1
1.0,2009,10.1,45.1,20.6
1.0,2009,10.1,45.1,14.1
1.0,2015,9.9,146.9,19.6
1.0,2015,9.9,146.9,11.8
1.0,2015,9.9,67.0,19.6
1.0,2015,9.9,67.0,11.8
1.0,2015,9.9,78.2,19.6
1.0,2015,9.9,78.2,11.8
1.0,2015,9.9,34.6,19.6
1.0,2015,9.9,34.6,11.8
204.0,2012,11.1,141.6,14.0
204.0,2012,11.1,84.9,14.0
106.0,2009,13.0,249.3,27.6
106.0,2009,13.0,130.1,27.6
306.0,2017,9.5,50.0,4.0
306.0,2017,9.5,18.0,4.0
208.0,2015,9.2,31.4,11.9
208.0,2015,9.2,61.4,11.9
408.0,2015,8.2,69.6,10.5
408.0,2015,8.2,29.7,10.5
406.0,2015,8.5,36.2,8.5
406.0,2015,8.5,12.7,8.5
402.0,2015,10.3,60.2,8.6
402.0,2015,10.3,14.7,8.6
503.0,2012,9.6,26.7,13.5
503.0,2012,9.6,15.9,13.5
403.0,2015,9.2,29.4,10.2
403.0,2015,9.2,7.9,10.2
408.0,2015,9.1,69.6,10.5
408.0,2015,9.1,29.7,10.5
2.0,2015,9.5,34.9,10.5
2.0,2015,9.5,62.5,10.5
403.0,2015,8.3,29.4,10.2
403.0,2015,8.3,7.9,10.2
103.0,2015,10.0,153.6,19.4
103.0,2015,10.0,64.1,19.4
204.0,2012,12.4,141.6,14.0
204.0,2012,12.4,84.9,14.0
103.0,2015,10.4,153.6,19.4
103.0,2015,10.4,64.1,19.4
404.0,2015,9.6,12.2,8.2
404.0,2015,9.6,4.9,8.2
402.0,2012,10.8,49.0,7.5
402.0,2012,10.8,13.6,7.5
401.0,2009,9.8,28.1,12.3
401.0,2009,9.8,79.4,12.3
4.0,2017,7.9,14.0,5.0
4.0,2017,7.9,40.0,5.0
408.0,2015,7.0,69.6,10.5
408.0,2015,7.0,29.7,10.5
209.0,2009,10.0,20.7,10.4
209.0,2009,10.0,11.3,10.4
101.0,2012,10.2,82.3,13.8
101.0,2012,10.2,27.1,13.8
405.0,2009,10.6,14.9,12.4
405.0,2009,10.6,51.1,12.4
106.0,2009,14.2,249.3,27.6
106.0,2009,14.2,130.1,27.6
406.0,2009,10.7,47.7,9.7
406.0,2009,10.7,17.2,9.7
406.0,2012,8.7,38.1,8.1
406.0,2012,8.7,16.7,8.1
5.0,2012,8.0,45.4,13.6
5.0,2012,8.0,26.2,13.6
501.0,2009,10.8,64.5,16.6
501.0,2009,10.8,92.0,16.6
301.0,2015,10.6,81.6,10.3
301.0,2015,10.6,32.9,10.3
409.0,2009,9.7,27.4,10.0
409.0,2009,9.7,70.5,10.0
206.0,2009,10.8,19.5,11.8
206.0,2009,10.8,13.2,11.8
206.0,2017,7.3,10.0,6.0
206.0,2017,7.3,14.0,6.0
407.0,2012,9.7,61.0,8.3
407.0,2012,9.7,23.6,8.3
407.0,2009,9.2,80.0,10.5
407.0,2009,9.2,29.8,10.5
307.0,2012,15.0,57.6,8.9
307.0,2012,15.0,24.0,8.9
307.0,2009,14.2,69.7,8.6
307.0,2009,14.2,20.7,8.6
308.0,2015,11.0,14.2,4.7
308.0,2015,11.0,6.5,4.7
207.0,2009,9.8,115.8,10.5
207.0,2009,9.8,57.9,10.5
208.0,2009,9.1,81.7,12.5
208.0,2009,9.1,40.9,12.5
208.0,2015,9.0,31.4,11.9
208.0,2015,9.0,61.4,11.9
408.0,2009,9.3,115.8,12.7
408.0,2009,9.3,41.6,12.7
308.0,2009,11.4,24.5,5.4
308.0,2009,11.4,9.2,5.4
408.0,2017,8.6,59.0,6.0
408.0,2017,8.6,23.0,6.0
407.0,2009,10.1,80.0,10.5
407.0,2009,10.1,29.8,10.5
102.0,2017,7.5,81.0,10.0
102.0,2017,7.5,36.0,10.0
406.0,2012,8.2,38.1,8.1
406.0,2012,8.2,16.7,8.1
406.0,2017,7.1,34.0,5.0
406.0,2017,7.1,10.0,5.0
309.0,2015,7.8,31.6,10.7
309.0,2015,7.8,102.2,10.7
307.0,2017,11.5,35.0,5.0
307.0,2017,11.5,12.0,5.0
407.0,2017,7.6,16.0,5.0
407.0,2017,7.6,38.0,5.0
407.0,2015,8.1,43.0,9.0
407.0,2015,8.1,18.6,9.0
308.0,2015,10.6,14.2,4.7
308.0,2015,10.6,6.5,4.7
203.0,2012,8.8,164.8,14.1
203.0,2012,8.8,91.2,14.1
405.0,2012,8.5,43.6,10.7
405.0,2012,8.5,14.5,10.7
308.0,2015,8.0,14.2,4.7
308.0,2015,8.0,6.5,4.7
206.0,2012,10.8,18.7,9.1
206.0,2012,10.8,11.2,9.1
308.0,2017,7.5,14.0,3.0
308.0,2017,7.5,6.0,3.0
206.0,2012,9.5,18.7,9.1
206.0,2012,9.5,11.2,9.1
408.0,2012,8.2,91.4,9.8
408.0,2012,8.2,39.6,9.8
204.0,2009,10.1,85.0,13.9
204.0,2009,10.1,153.2,13.9
504.0,2012,7.8,19.6,11.8
504.0,2012,7.8,12.3,11.8
405.0,2015,7.6,32.2,10.0
405.0,2015,7.6,12.8,10.0
305.0,2015,9.1,18.6,6.7
305.0,2015,9.1,6.6,6.7
302.0,2012,10.9,253.1,16.5
302.0,2012,10.9,116.4,16.5
304.0,2009,10.0,74.2,11.6
304.0,2009,10.0,25.5,11.6
304.0,2009,9.8,74.2,11.6
304.0,2009,9.8,25.5,11.6
304.0,2012,10.4,63.9,10.2
304.0,2012,10.4,23.5,10.2
503.0,2009,8.8,32.8,13.5
503.0,2009,8.8,16.0,13.5
202.0,2015,8.9,24.1,7.8
202.0,2015,8.9,46.4,7.8
205.0,2015,8.3,34.4,7.4
205.0,2015,8.3,18.6,7.4
305.0,2012,8.7,24.4,8.4
305.0,2012,8.7,8.0,8.4
305.0,2017,7.5,6.0,5.0
305.0,2017,7.5,16.0,5.0
209.0,2012,10.4,18.1,8.9
209.0,2012,10.4,10.4,8.9
310.0,2012,12.3,52.3,6.1
310.0,2012,12.3,24.1,6.1
310.0,2015,9.5,35.4,6.6
310.0,2015,9.5,19.2,6.6
104.0,2015,8.9,105.2,15.9
104.0,2015,8.9,44.6,15.9
203.0,2015,8.8,124.6,12.4
203.0,2015,8.8,68.1,12.4
102.0,2015,10.2,108.6,15.4
102.0,2015,10.2,48.4,15.4
403.0,2015,7.7,29.4,10.2
403.0,2015,7.7,7.9,10.2
204.0,2009,9.8,85.0,13.9
204.0,2009,9.8,153.2,13.9
203.0,2015,9.5,124.6,12.4
203.0,2015,9.5,68.1,12.4
407.0,2015,7.7,43.0,9.0
407.0,2015,7.7,18.6,9.0
205.0,2009,10.2,51.3,12.5
205.0,2009,10.2,35.0,12.5
306.0,2015,9.9,53.6,6.9
306.0,2015,9.9,20.4,6.9
104.0,2015,10.2,105.2,15.9
104.0,2015,10.2,44.6,15.9
103.0,2017,9.4,112.0,11.0
103.0,2017,9.4,49.0,11.0
203.0,2015,9.3,124.6,12.4
203.0,2015,9.3,68.1,12.4
503.0,2015,7.3,18.8,14.1
503.0,2015,7.3,12.9,14.1
202.0,2015,9.0,24.1,7.8
202.0,2015,9.0,46.4,7.8
406.0,2012,9.9,38.1,8.1
406.0,2012,9.9,16.7,8.1
306.0,2015,10.7,53.6,6.9
306.0,2015,10.7,20.4,6.9
402.0,2015,8.6,60.2,8.6
402.0,2015,8.6,14.7,8.6
309.0,2015,8.6,31.6,10.7
309.0,2015,8.6,102.2,10.7
401.0,2015,9.1,46.1,9.3
401.0,2015,9.1,21.8,9.3
104.0,2015,9.7,105.2,15.9
104.0,2015,9.7,44.6,15.9
404.0,2015,9.1,12.2,8.2
404.0,2015,9.1,4.9,8.2
407.0,2012,9.9,61.0,8.3
407.0,2012,9.9,23.6,8.3
101.0,2012,11.3,82.3,13.8
101.0,2012,11.3,27.1,13.8
501.0,2009,9.0,64.5,16.6
501.0,2009,9.0,92.0,16.6
405.0,2015,9.3,32.2,10.0
405.0,2015,9.3,12.8,10.0
403.0,2015,9.3,29.4,10.2
403.0,2015,9.3,7.9,10.2
106.0,2012,14.0,117.4,23.5
106.0,2012,14.0,232.5,23.5
403.0,2015,8.5,29.4,10.2
403.0,2015,8.5,7.9,10.2
504.0,2015,7.3,9.2,12.9
504.0,2015,7.3,13.7,12.9
205.0,2012,10.8,28.0,9.4
205.0,2012,10.8,45.5,9.4
106.0,2009,11.0,249.3,27.6
106.0,2009,11.0,130.1,27.6
106.0,2015,10.3,98.1,25.8
106.0,2015,10.3,188.6,25.8
302.0,2012,11.2,253.1,16.5
302.0,2012,11.2,116.4,16.5
502.0,2012,9.8,66.1,16.2
502.0,2012,9.8,39.6,16.2
502.0,2009,8.8,42.9,17.3
502.0,2009,8.8,76.1,17.3
402.0,2012,11.7,49.0,7.5
402.0,2012,11.7,13.6,7.5
410.0,2015,7.2,39.0,16.9
410.0,2015,7.2,55.0,16.9
403.0,2009,9.3,38.0,11.3
403.0,2009,9.3,9.3,11.3
403.0,2012,9.9,29.3,8.9
403.0,2012,9.9,9.6,8.9
403.0,2012,10.1,29.3,8.9
403.0,2012,10.1,9.6,8.9
408.0,2015,9.1,69.6,10.5
408.0,2015,9.1,29.7,10.5
302.0,2009,10.6,291.1,18.8
302.0,2009,10.6,137.0,18.8
105.0,2012,16.1,214.1,20.8
105.0,2012,16.1,118.1,20.8
105.0,2009,15.5,200.2,25.1
105.0,2009,15.5,131.3,25.1
407.0,2012,9.7,61.0,8.3
407.0,2012,9.7,23.6,8.3
407.0,2009,9.2,80.0,10.5
407.0,2009,9.2,29.8,10.5
204.0,2017,7.5,99.0,9.0
204.0,2017,7.5,58.0,9.0
103.0,2012,9.1,191.4,17.1
103.0,2012,9.1,77.6,17.1
103.0,2009,10.6,122.8,20.5
103.0,2009,10.6,68.7,20.5
502.0,2015,8.7,49.5,17.6
502.0,2015,8.7,32.0,17.6
402.0,2009,9.9,15.6,9.6
402.0,2009,9.9,75.2,9.6
402.0,2015,10.0,60.2,8.6
402.0,2015,10.0,14.7,8.6
210.0,2012,8.1,29.4,13.7
210.0,2012,8.1,17.9,13.7
210.0,2009,10.4,35.1,15.4
210.0,2009,10.4,19.8,15.4
407.0,2012,8.1,61.0,8.3
407.0,2012,8.1,23.6,8.3
307.0,2012,13.2,57.6,8.9
307.0,2012,13.2,24.0,8.9
308.0,2009,12.9,24.5,5.4
308.0,2009,12.9,9.2,5.4
304.0,2012,8.8,63.9,10.2
304.0,2012,8.8,23.5,10.2
304.0,2017,7.7,40.0,5.0
304.0,2017,7.7,18.0,5.0
409.0,2012,9.6,53.8,6.9
409.0,2012,9.6,21.9,6.9
409.0,2012,7.9,53.8,6.9
409.0,2012,7.9,21.9,6.9
409.0,2009,9.7,27.4,10.0
409.0,2009,9.7,70.5,10.0
203.0,2012,10.4,164.8,14.1
203.0,2012,10.4,91.2,14.1
204.0,2017,9.1,99.0,9.0
204.0,2017,9.1,58.0,9.0
103.0,2009,11.4,122.8,20.5
103.0,2009,11.4,68.7,20.5
407.0,2012,9.9,61.0,8.3
407.0,2012,9.9,23.6,8.3
407.0,2015,7.0,43.0,9.0
407.0,2015,7.0,18.6,9.0
405.0,2015,8.9,32.2,10.0
405.0,2015,8.9,12.8,10.0
405.0,2012,10.2,43.6,10.7
405.0,2012,10.2,14.5,10.7
503.0,2015,7.1,18.8,14.1
503.0,2015,7.1,12.9,14.1
105.0,2012,11.0,214.1,20.8
105.0,2012,11.0,118.1,20.8
503.0,2012,8.2,26.7,13.5
503.0,2012,8.2,15.9,13.5
401.0,2015,10.5,46.1,9.3
401.0,2015,10.5,21.8,9.3
401.0,2015,8.7,46.1,9.3
401.0,2015,8.7,21.8,9.3
208.0,2015,7.1,31.4,11.9
208.0,2015,7.1,61.4,11.9
103.0,2015,7.6,153.6,19.4
103.0,2015,7.6,64.1,19.4
210.0,2009,9.1,35.1,15.4
210.0,2009,9.1,19.8,15.4
210.0,2015,7.0,31.4,14.7
210.0,2015,7.0,18.2,14.7
504.0,2012,9.8,19.6,11.8
504.0,2012,9.8,12.3,11.8
504.0,2015,6.6,9.2,12.9
504.0,2015,6.6,13.7,12.9
404.0,2012,9.8,13.4,7.0
404.0,2012,9.8,6.6,7.0
404.0,2012,8.1,13.4,7.0
404.0,2012,8.1,6.6,7.0
104.0,2017,7.5,34.0,10.0
104.0,2017,7.5,80.0,10.0
211.0,2015,9.4,107.9,11.0
211.0,2015,9.4,67.3,11.0
4.0,2015,7.6,47.3,9.6
4.0,2015,7.6,17.9,9.6
209.0,2017,8.5,14.0,6.0
209.0,2017,8.5,8.0,6.0
105.0,2017,8.2,119.0,13.0
105.0,2017,8.2,67.0,13.0
303.0,2017,8.1,90.0,10.0
303.0,2017,8.1,160.0,10.0
406.0,2015,7.5,36.2,8.5
406.0,2015,7.5,12.7,8.5
503.0,2009,10.7,32.8,13.5
503.0,2009,10.7,16.0,13.5
503.0,2017,7.1,15.0,10.0
503.0,2017,7.1,13.0,10.0
302.0,2009,11.4,291.1,18.8
302.0,2009,11.4,137.0,18.8
405.0,2015,8.0,32.2,10.0
405.0,2015,8.0,12.8,10.0
502.0,2009,10.6,42.9,17.3
502.0,2009,10.6,76.1,17.3
502.0,2012,8.1,66.1,16.2
502.0,2012,8.1,39.6,16.2
502.0,2017,6.9,49.0,12.0
502.0,2017,6.9,30.0,12.0
104.0,2009,13.3,121.9,19.7
104.0,2009,13.3,57.5,19.7
408.0,2017,7.1,59.0,6.0
408.0,2017,7.1,23.0,6.0
401.0,2012,9.6,25.1,9.8
401.0,2012,9.6,48.8,9.8
401.0,2009,11.6,28.1,12.3
401.0,2009,11.6,79.4,12.3
101.0,2012,8.9,82.3,13.8
101.0,2012,8.9,27.1,13.8
101.0,2009,10.4,60.7,18.6
101.0,2009,10.4,25.4,18.6
301.0,2015,8.5,81.6,10.3
301.0,2015,8.5,32.9,10.3
201.0,2015,10.2,27.4,6.6
201.0,2015,10.2,19.9,6.6
105.0,2012,14.3,214.1,20.8
105.0,2012,14.3,118.1,20.8
105.0,2009,16.0,200.2,25.1
105.0,2009,16.0,131.3,25.1
208.0,2009,10.4,81.7,12.5
208.0,2009,10.4,40.9,12.5
408.0,2012,8.3,91.4,9.8
408.0,2012,8.3,39.6,9.8
408.0,2017,7.1,59.0,6.0
408.0,2017,7.1,23.0,6.0
107.0,2015,8.3,104.6,26.5
107.0,2015,8.3,194.7,26.5
207.0,2012,10.3,49.9,10.6
207.0,2012,10.3,102.4,10.6
404.0,2017,7.0,10.0,2.0
404.0,2017,7.0,2.0,2.0
407.0,2012,8.4,61.0,8.3
407.0,2012,8.4,23.6,8.3
407.0,2009,10.3,80.0,10.5
407.0,2009,10.3,29.8,10.5
501.0,2015,7.9,45.6,17.4
501.0,2015,7.9,66.9,17.4
304.0,2015,8.5,23.2,8.5
304.0,2015,8.5,51.9,8.5
407.0,2015,7.0,43.0,9.0
407.0,2015,7.0,18.6,9.0
308.0,2015,9.5,14.2,4.7
308.0,2015,9.5,6.5,4.7
205.0,2015,9.0,34.4,7.4
205.0,2015,9.0,18.6,7.4
402.0,2017,7.9,12.0,5.0
402.0,2017,7.9,51.0,5.0
502.0,2012,7.9,66.1,16.2
502.0,2012,7.9,39.6,16.2
502.0,2009,10.4,42.9,17.3
502.0,2009,10.4,76.1,17.3
502.0,2017,6.8,49.0,12.0
502.0,2017,6.8,30.0,12.0
402.0,2012,9.1,49.0,7.5
402.0,2012,9.1,13.6,7.5
402.0,2009,11.1,15.6,9.6
402.0,2009,11.1,75.2,9.6
402.0,2012,10.8,49.0,7.5
402.0,2012,10.8,13.6,7.5
304.0,2015,9.8,23.2,8.5
304.0,2015,9.8,51.9,8.5
103.0,2009,10.3,122.8,20.5
103.0,2009,10.3,68.7,20.5
304.0,2015,10.4,23.2,8.5
304.0,2015,10.4,51.9,8.5
203.0,2009,10.3,178.4,16.3
203.0,2009,10.3,95.4,16.3
407.0,2017,7.3,16.0,5.0
407.0,2017,7.3,38.0,5.0
205.0,2015,8.4,34.4,7.4
205.0,2015,8.4,18.6,7.4
409.0,2009,8.7,27.4,10.0
409.0,2009,8.7,70.5,10.0
409.0,2012,9.3,53.8,6.9
409.0,2012,9.3,21.9,6.9
407.0,2012,10.1,61.0,8.3
407.0,2012,10.1,23.6,8.3
210.0,2012,9.9,29.4,13.7
210.0,2012,9.9,17.9,13.7
410.0,2015,7.2,39.0,16.9
410.0,2015,7.2,55.0,16.9
405.0,2015,9.3,32.2,10.0
405.0,2015,9.3,12.8,10.0
307.0,2015,11.0,16.5,6.9
307.0,2015,11.0,44.5,6.9
1.0,2015,8.4,146.9,19.6
1.0,2015,8.4,146.9,11.8
1.0,2015,8.4,67.0,19.6
1.0,2015,8.4,67.0,11.8
1.0,2015,8.4,78.2,19.6
1.0,2015,8.4,78.2,11.8
1.0,2015,8.4,34.6,19.6
1.0,2015,8.4,34.6,11.8
410.0,2015,7.3,39.0,16.9
410.0,2015,7.3,55.0,16.9
210.0,2015,8.1,31.4,14.7
210.0,2015,8.1,18.2,14.7
405.0,2017,8.9,9.0,5.0
405.0,2017,8.9,24.0,5.0
503.0,2017,8.4,15.0,10.0
503.0,2017,8.4,13.0,10.0
502.0,2015,6.9,49.5,17.6
502.0,2015,6.9,32.0,17.6
502.0,2012,10.0,66.1,16.2
502.0,2012,10.0,39.6,16.2
401.0,2015,7.8,46.1,9.3
401.0,2015,7.8,21.8,9.3
302.0,2017,10.0,138.0,8.0
302.0,2017,10.0,75.0,8.0
502.0,2009,9.0,42.9,17.3
502.0,2009,9.0,76.1,17.3
211.0,2015,9.6,107.9,11.0
211.0,2015,9.6,67.3,11.0
304.0,2017,9.2,40.0,5.0
304.0,2017,9.2,18.0,5.0
204.0,2017,8.2,99.0,9.0
204.0,2017,8.2,58.0,9.0
307.0,2015,9.5,16.5,6.9
307.0,2015,9.5,44.5,6.9
407.0,2009,9.6,80.0,10.5
407.0,2009,9.6,29.8,10.5
502.0,2017,8.2,49.0,12.0
502.0,2017,8.2,30.0,12.0
402.0,2009,10.2,15.6,9.6
402.0,2009,10.2,75.2,9.6
210.0,2017,7.8,30.0,10.0
210.0,2017,7.8,18.0,10.0
101.0,2017,10.5,48.0,9.0
101.0,2017,10.5,16.0,9.0
401.0,2017,8.4,42.0,5.0
401.0,2017,8.4,16.0,5.0
502.0,2017,7.9,49.0,12.0
502.0,2017,7.9,30.0,12.0
201.0,2017,10.1,14.0,4.0
201.0,2017,10.1,21.0,4.0
310.0,2015,8.1,35.4,6.6
310.0,2015,8.1,19.2,6.6
410.0,2015,8.3,39.0,16.9
410.0,2015,8.3,55.0,16.9
210.0,2012,9.8,29.4,13.7
210.0,2012,9.8,17.9,13.7
210.0,2015,8.8,31.4,14.7
210.0,2015,8.8,18.2,14.7
410.0,2012,9.2,57.9,10.2
410.0,2012,9.2,42.3,10.2
210.0,2009,8.9,35.1,15.4
210.0,2009,8.9,19.8,15.4
410.0,2009,8.0,47.8,18.8
410.0,2009,8.0,111.8,18.8
502.0,2017,8.2,49.0,12.0
502.0,2017,8.2,30.0,12.0
402.0,2017,8.7,12.0,5.0
402.0,2017,8.7,51.0,5.0
303.0,2017,8.4,90.0,10.0
303.0,2017,8.4,160.0,10.0
105.0,2017,8.5,119.0,13.0
105.0,2017,8.5,67.0,13.0
205.0,2017,9.3,33.0,6.0
205.0,2017,9.3,18.0,6.0
405.0,2017,8.1,9.0,5.0
405.0,2017,8.1,24.0,5.0
308.0,2015,8.8,14.2,4.7
308.0,2015,8.8,6.5,4.7
409.0,2015,6.9,39.5,8.2
409.0,2015,6.9,17.9,8.2
410.0,2015,5.9,39.0,16.9
410.0,2015,5.9,55.0,16.9
309.0,2017,8.5,29.0,7.0
309.0,2017,8.5,90.0,7.0
502.0,2015,7.8,49.5,17.6
502.0,2015,7.8,32.0,17.6
408.0,2017,7.6,59.0,6.0
408.0,2017,7.6,23.0,6.0
105.0,2015,8.8,87.1,21.4
105.0,2015,8.8,167.2,21.4
405.0,2015,8.5,32.2,10.0
405.0,2015,8.5,12.8,10.0
503.0,2015,8.0,18.8,14.1
503.0,2015,8.0,12.9,14.1
408.0,2012,9.8,91.4,9.8
408.0,2012,9.8,39.6,9.8
503.0,2012,7.8,26.7,13.5
503.0,2012,7.8,15.9,13.5
403.0,2012,10.1,29.3,8.9
403.0,2012,10.1,9.6,8.9
503.0,2015,8.4,18.8,14.1
503.0,2015,8.4,12.9,14.1
408.0,2015,8.2,69.6,10.5
408.0,2015,8.2,29.7,10.5
401.0,2015,9.8,46.1,9.3
401.0,2015,9.8,21.8,9.3
206.0,2015,7.5,9.3,8.8
206.0,2015,7.5,15.8,8.8
206.0,2015,9.2,9.3,8.8
206.0,2015,9.2,15.8,8.8
408.0,2009,9.7,115.8,12.7
408.0,2009,9.7,41.6,12.7
502.0,2015,7.5,49.5,17.6
502.0,2015,7.5,32.0,17.6
407.0,2015,8.1,43.0,9.0
407.0,2015,8.1,18.6,9.0
102.0,2017,8.1,81.0,10.0
102.0,2017,8.1,36.0,10.0
501.0,2009,9.3,64.5,16.6
501.0,2009,9.3,92.0,16.6
401.0,2009,9.8,28.1,12.3
401.0,2009,9.8,79.4,12.3
407.0,2017,8.0,16.0,5.0
407.0,2017,8.0,38.0,5.0
504.0,2015,7.1,9.2,12.9
504.0,2015,7.1,13.7,12.9
207.0,2015,8.5,41.9,9.7
207.0,2015,8.5,84.2,9.7
205.0,2017,8.7,33.0,6.0
205.0,2017,8.7,18.0,6.0
405.0,2015,8.6,32.2,10.0
405.0,2015,8.6,12.8,10.0
402.0,2009,9.8,15.6,9.6
402.0,2009,9.8,75.2,9.6
404.0,2015,8.3,12.2,8.2
404.0,2015,8.3,4.9,8.2
304.0,2017,9.2,40.0,5.0
304.0,2017,9.2,18.0,5.0
402.0,2015,10.0,60.2,8.6
402.0,2015,10.0,14.7,8.6
402.0,2015,8.1,60.2,8.6
402.0,2015,8.1,14.7,8.6
1.0,2017,9.0,52.0,12.0
1.0,2017,9.0,52.0,7.0
1.0,2017,9.0,108.0,12.0
1.0,2017,9.0,108.0,7.0
1.0,2017,9.0,62.0,12.0
1.0,2017,9.0,62.0,7.0
1.0,2017,9.0,28.0,12.0
1.0,2017,9.0,28.0,7.0
1.0,2009,9.9,67.0,20.6
1.0,2009,9.9,67.0,14.1
1.0,2009,9.9,128.2,20.6
1.0,2009,9.9,128.2,14.1
1.0,2009,9.9,106.8,20.6
1.0,2009,9.9,106.8,14.1
1.0,2009,9.9,45.1,20.6
1.0,2009,9.9,45.1,14.1
1.0,2015,8.0,146.9,19.6
1.0,2015,8.0,146.9,11.8
1.0,2015,8.0,67.0,19.6
1.0,2015,8.0,67.0,11.8
1.0,2015,8.0,78.2,19.6
1.0,2015,8.0,78.2,11.8
1.0,2015,8.0,34.6,19.6
1.0,2015,8.0,34.6,11.8
401.0,2015,8.2,46.1,9.3
401.0,2015,8.2,21.8,9.3
303.0,2017,8.4,90.0,10.0
303.0,2017,8.4,160.0,10.0
101.0,2009,10.4,60.7,18.6
101.0,2009,10.4,25.4,18.6
201.0,2017,9.0,14.0,4.0
201.0,2017,9.0,21.0,4.0
202.0,2009,11.7,89.1,13.1
202.0,2009,11.7,40.7,13.1
202.0,2012,9.5,35.8,10.2
202.0,2012,9.5,76.9,10.2
406.0,2015,8.0,36.2,8.5
406.0,2015,8.0,12.7,8.5
408.0,2015,7.5,69.6,10.5
408.0,2015,7.5,29.7,10.5
203.0,2012,10.4,164.8,14.1
203.0,2012,10.4,91.2,14.1
203.0,2009,9.9,178.4,16.3
203.0,2009,9.9,95.4,16.3
101.0,2009,11.5,60.7,18.6
101.0,2009,11.5,25.4,18.6
408.0,2015,7.0,69.6,10.5
408.0,2015,7.0,29.7,10.5
203.0,2015,7.9,124.6,12.4
203.0,2015,7.9,68.1,12.4
407.0,2017,6.9,16.0,5.0
407.0,2017,6.9,38.0,5.0
503.0,2015,6.6,18.8,14.1
503.0,2015,6.6,12.9,14.1
103.0,2015,8.9,153.6,19.4
103.0,2015,8.9,64.1,19.4
401.0,2017,9.3,42.0,5.0
401.0,2017,9.3,16.0,5.0
208.0,2017,7.9,55.0,8.0
208.0,2017,7.9,27.0,8.0
1.0,2015,9.4,146.9,19.6
1.0,2015,9.4,146.9,11.8
1.0,2015,9.4,67.0,19.6
1.0,2015,9.4,67.0,11.8
1.0,2015,9.4,78.2,19.6
1.0,2015,9.4,78.2,11.8
1.0,2015,9.4,34.6,19.6
1.0,2015,9.4,34.6,11.8
1.0,2012,10.4,183.6,18.0
1.0,2012,10.4,183.6,11.7
1.0,2012,10.4,83.7,18.0
1.0,2012,10.4,83.7,11.7
1.0,2012,10.4,97.8,18.0
1.0,2012,10.4,97.8,11.7
1.0,2012,10.4,42.2,18.0
1.0,2012,10.4,42.2,11.7
1.0,2009,9.5,67.0,20.6
1.0,2009,9.5,67.0,14.1
1.0,2009,9.5,128.2,20.6
1.0,2009,9.5,128.2,14.1
1.0,2009,9.5,106.8,20.6
1.0,2009,9.5,106.8,14.1
1.0,2009,9.5,45.1,20.6
1.0,2009,9.5,45.1,14.1
408.0,2017,7.7,59.0,6.0
408.0,2017,7.7,23.0,6.0
208.0,2009,9.1,81.7,12.5
208.0,2009,9.1,40.9,12.5
208.0,2012,9.8,70.9,11.1
208.0,2012,9.8,35.1,11.1
408.0,2009,9.3,115.8,12.7
408.0,2009,9.3,41.6,12.7
408.0,2012,9.8,91.4,9.8
408.0,2012,9.8,39.6,9.8
207.0,2009,9.8,115.8,10.5
207.0,2009,9.8,57.9,10.5
207.0,2012,10.2,49.9,10.6
207.0,2012,10.2,102.4,10.6
502.0,2015,7.4,49.5,17.6
502.0,2015,7.4,32.0,17.6
410.0,2009,8.0,47.8,18.8
410.0,2009,8.0,111.8,18.8
203.0,2012,10.4,164.8,14.1
203.0,2012,10.4,91.2,14.1
103.0,2012,10.4,191.4,17.1
103.0,2012,10.4,77.6,17.1
203.0,2009,10.9,178.4,16.3
203.0,2009,10.9,95.4,16.3
103.0,2015,8.3,153.6,19.4
103.0,2015,8.3,64.1,19.4
402.0,2017,9.8,12.0,5.0
402.0,2017,9.8,51.0,5.0
209.0,2017,7.1,14.0,6.0
209.0,2017,7.1,8.0,6.0
1.0,2015,8.6,146.9,19.6
1.0,2015,8.6,146.9,11.8
1.0,2015,8.6,67.0,19.6
1.0,2015,8.6,67.0,11.8
1.0,2015,8.6,78.2,19.6
1.0,2015,8.6,78.2,11.8
1.0,2015,8.6,34.6,19.6
1.0,2015,8.6,34.6,11.8
1.0,2017,7.4,52.0,12.0
1.0,2017,7.4,52.0,7.0
1.0,2017,7.4,108.0,12.0
1.0,2017,7.4,108.0,7.0
1.0,2017,7.4,62.0,12.0
1.0,2017,7.4,62.0,7.0
1.0,2017,7.4,28.0,12.0
1.0,2017,7.4,28.0,7.0
107.0,2015,8.8,104.6,26.5
107.0,2015,8.8,194.7,26.5
2.0,2015,8.4,34.9,10.5
2.0,2015,8.4,62.5,10.5
308.0,2015,10.2,14.2,4.7
308.0,2015,10.2,6.5,4.7
503.0,2015,7.8,18.8,14.1
503.0,2015,7.8,12.9,14.1
1.0,2012,8.6,183.6,18.0
1.0,2012,8.6,183.6,11.7
1.0,2012,8.6,83.7,18.0
1.0,2012,8.6,83.7,11.7
1.0,2012,8.6,97.8,18.0
1.0,2012,8.6,97.8,11.7
1.0,2012,8.6,42.2,18.0
1.0,2012,8.6,42.2,11.7
1.0,2009,10.7,67.0,20.6
1.0,2009,10.7,67.0,14.1
1.0,2009,10.7,128.2,20.6
1.0,2009,10.7,128.2,14.1
1.0,2009,10.7,106.8,20.6
1.0,2009,10.7,106.8,14.1
1.0,2009,10.7,45.1,20.6
1.0,2009,10.7,45.1,14.1
1.0,2012,10.3,183.6,18.0
1.0,2012,10.3,183.6,11.7
1.0,2012,10.3,83.7,18.0
1.0,2012,10.3,83.7,11.7
1.0,2012,10.3,97.8,18.0
1.0,2012,10.3,97.8,11.7
1.0,2012,10.3,42.2,18.0
1.0,2012,10.3,42.2,11.7
1.0,2015,7.5,146.9,19.6
1.0,2015,7.5,146.9,11.8
1.0,2015,7.5,67.0,19.6
1.0,2015,7.5,67.0,11.8
1.0,2015,7.5,78.2,19.6
1.0,2015,7.5,78.2,11.8
1.0,2015,7.5,34.6,19.6
1.0,2015,7.5,34.6,11.8
310.0,2017,8.3,18.0,4.0
310.0,2017,8.3,33.0,4.0
501.0,2012,10.1,85.9,14.0
501.0,2012,10.1,54.0,14.0
401.0,2015,8.7,46.1,9.3
401.0,2015,8.7,21.8,9.3
301.0,2017,10.2,62.0,6.0
301.0,2017,10.2,23.0,6.0
201.0,2017,9.0,14.0,4.0
201.0,2017,9.0,21.0,4.0
501.0,2017,8.0,44.0,10.0
501.0,2017,8.0,58.0,10.0
303.0,2015,8.6,215.5,20.3
303.0,2015,8.6,111.6,20.3
203.0,2017,8.6,107.0,8.0
203.0,2017,8.6,55.0,8.0
409.0,2017,7.5,11.0,3.0
409.0,2017,7.5,35.0,3.0
103.0,2012,11.3,191.4,17.1
103.0,2012,11.3,77.6,17.1
410.0,2012,9.4,57.9,10.2
410.0,2012,9.4,42.3,10.2
410.0,2015,5.9,39.0,16.9
410.0,2015,5.9,55.0,16.9
211.0,2017,8.1,88.0,8.0
211.0,2017,8.1,51.0,8.0
106.0,2017,10.7,78.0,15.0
106.0,2017,10.7,138.0,15.0
406.0,2017,8.0,34.0,5.0
406.0,2017,8.0,10.0,5.0
206.0,2017,8.4,10.0,6.0
206.0,2017,8.4,14.0,6.0
208.0,2017,8.0,55.0,8.0
208.0,2017,8.0,27.0,8.0
104.0,2017,10.4,34.0,10.0
104.0,2017,10.4,80.0,10.0
502.0,2012,9.8,66.1,16.2
502.0,2012,9.8,39.6,16.2
205.0,2015,9.3,34.4,7.4
205.0,2015,9.3,18.6,7.4
404.0,2017,7.5,10.0,2.0
404.0,2017,7.5,2.0,2.0
301.0,2015,7.8,81.6,10.3
301.0,2015,7.8,32.9,10.3
208.0,2012,8.2,70.9,11.1
208.0,2012,8.2,35.1,11.1
401.0,2015,9.1,46.1,9.3
401.0,2015,9.1,21.8,9.3
208.0,2015,7.6,31.4,11.9
208.0,2015,7.6,61.4,11.9
408.0,2015,7.4,69.6,10.5
408.0,2015,7.4,29.7,10.5
104.0,2015,9.7,105.2,15.9
104.0,2015,9.7,44.6,15.9
207.0,2009,10.8,115.8,10.5
207.0,2009,10.8,57.9,10.5
207.0,2017,7.4,37.0,6.0
207.0,2017,7.4,75.0,6.0
405.0,2017,8.5,9.0,5.0
405.0,2017,8.5,24.0,5.0
105.0,2017,12.6,119.0,13.0
105.0,2017,12.6,67.0,13.0
407.0,2015,7.5,43.0,9.0
407.0,2015,7.5,18.6,9.0
104.0,2017,8.1,34.0,10.0
104.0,2017,8.1,80.0,10.0
504.0,2017,7.6,7.0,10.0
504.0,2017,7.6,11.0,10.0
202.0,2017,9.4,43.0,6.0
202.0,2017,9.4,23.0,6.0
202.0,2012,11.1,35.8,10.2
202.0,2012,11.1,76.9,10.2
101.0,2015,9.2,25.8,14.8
101.0,2015,9.2,65.8,14.8
301.0,2015,9.9,81.6,10.3
301.0,2015,9.9,32.9,10.3
101.0,2012,11.3,82.3,13.8
101.0,2012,11.3,27.1,13.8
403.0,2017,7.3,6.0,5.0
403.0,2017,7.3,25.0,5.0
310.0,2017,10.4,18.0,4.0
310.0,2017,10.4,33.0,4.0
502.0,2017,7.8,49.0,12.0
502.0,2017,7.8,30.0,12.0
1.0,2017,8.2,52.0,12.0
1.0,2017,8.2,52.0,7.0
1.0,2017,8.2,108.0,12.0
1.0,2017,8.2,108.0,7.0
1.0,2017,8.2,62.0,12.0
1.0,2017,8.2,62.0,7.0
1.0,2017,8.2,28.0,12.0
1.0,2017,8.2,28.0,7.0
401.0,2017,9.3,42.0,5.0
401.0,2017,9.3,16.0,5.0
404.0,2015,7.7,12.2,8.2
404.0,2015,7.7,4.9,8.2
207.0,2017,8.4,37.0,6.0
207.0,2017,8.4,75.0,6.0
208.0,2017,7.9,55.0,8.0
208.0,2017,7.9,27.0,8.0
308.0,2017,10.2,14.0,3.0
308.0,2017,10.2,6.0,3.0
404.0,2017,9.1,10.0,2.0
404.0,2017,9.1,2.0,2.0
503.0,2017,8.0,15.0,10.0
503.0,2017,8.0,13.0,10.0
401.0,2012,11.4,25.1,9.8
401.0,2012,11.4,48.8,9.8
401.0,2009,10.1,28.1,12.3
401.0,2009,10.1,79.4,12.3
408.0,2015,8.2,69.6,10.5
408.0,2015,8.2,29.7,10.5
401.0,2015,9.8,46.1,9.3
401.0,2015,9.8,21.8,9.3
401.0,2012,9.6,25.1,9.8
401.0,2012,9.6,48.8,9.8
303.0,2012,11.0,241.3,22.2
303.0,2012,11.0,129.6,22.2
303.0,2009,10.8,299.4,29.2
303.0,2009,10.8,147.1,29.2
211.0,2017,9.4,88.0,8.0
211.0,2017,9.4,51.0,8.0
403.0,2017,8.8,6.0,5.0
403.0,2017,8.8,25.0,5.0
1.0,2017,8.3,52.0,12.0
1.0,2017,8.3,52.0,7.0
1.0,2017,8.3,108.0,12.0
1.0,2017,8.3,108.0,7.0
1.0,2017,8.3,62.0,12.0
1.0,2017,8.3,62.0,7.0
1.0,2017,8.3,28.0,12.0
1.0,2017,8.3,28.0,7.0
303.0,2017,8.7,90.0,10.0
303.0,2017,8.7,160.0,10.0
403.0,2017,7.9,6.0,5.0
403.0,2017,7.9,25.0,5.0
203.0,2017,8.4,107.0,8.0
203.0,2017,8.4,55.0,8.0
503.0,2015,7.2,18.8,14.1
503.0,2015,7.2,12.9,14.1
407.0,2017,7.6,16.0,5.0
407.0,2017,7.6,38.0,5.0
401.0,2012,11.2,25.1,9.8
401.0,2012,11.2,48.8,9.8
206.0,2017,8.4,10.0,6.0
206.0,2017,8.4,14.0,6.0
410.0,2017,7.0,33.0,10.0
410.0,2017,7.0,46.0,10.0
210.0,2017,7.8,30.0,10.0
210.0,2017,7.8,18.0,10.0
103.0,2015,9.7,153.6,19.4
103.0,2015,9.7,64.1,19.4
303.0,2015,8.9,215.5,20.3
303.0,2015,8.9,111.6,20.3
403.0,2015,7.7,29.4,10.2
403.0,2015,7.7,7.9,10.2
404.0,2015,8.1,12.2,8.2
404.0,2015,8.1,4.9,8.2
201.0,2015,10.5,27.4,6.6
201.0,2015,10.5,19.9,6.6
405.0,2015,8.5,32.2,10.0
405.0,2015,8.5,12.8,10.0
402.0,2015,9.2,60.2,8.6
402.0,2015,9.2,14.7,8.6
301.0,2015,9.4,81.6,10.3
301.0,2015,9.4,32.9,10.3
202.0,2009,10.5,89.1,13.1
202.0,2009,10.5,40.7,13.1
202.0,2012,11.1,35.8,10.2
202.0,2012,11.1,76.9,10.2
201.0,2015,11.0,27.4,6.6
201.0,2015,11.0,19.9,6.6
101.0,2015,8.4,25.8,14.8
101.0,2015,8.4,65.8,14.8
405.0,2015,8.1,32.2,10.0
405.0,2015,8.1,12.8,10.0
503.0,2017,7.6,15.0,10.0
503.0,2017,7.6,13.0,10.0
402.0,2015,8.6,60.2,8.6
402.0,2015,8.6,14.7,8.6
405.0,2017,8.1,9.0,5.0
405.0,2017,8.1,24.0,5.0
201.0,2017,10.1,14.0,4.0
201.0,2017,10.1,21.0,4.0
102.0,2017,8.1,81.0,10.0
102.0,2017,8.1,36.0,10.0
408.0,2017,7.7,59.0,6.0
408.0,2017,7.7,23.0,6.0
301.0,2009,10.7,138.5,12.5
301.0,2009,10.7,44.5,12.5
402.0,2012,10.8,49.0,7.5
402.0,2012,10.8,13.6,7.5
405.0,2012,10.1,43.6,10.7
405.0,2012,10.1,14.5,10.7
405.0,2009,9.5,14.9,12.4
405.0,2009,9.5,51.1,12.4
302.0,2015,9.4,193.1,14.9
302.0,2015,9.4,95.1,14.9
302.0,2017,7.9,138.0,8.0
302.0,2017,7.9,75.0,8.0
405.0,2009,10.6,14.9,12.4
405.0,2009,10.6,51.1,12.4
405.0,2012,8.5,43.6,10.7
405.0,2012,8.5,14.5,10.7
405.0,2012,10.2,43.6,10.7
405.0,2012,10.2,14.5,10.7
405.0,2015,7.6,32.2,10.0
405.0,2015,7.6,12.8,10.0
301.0,2017,8.3,62.0,6.0
301.0,2017,8.3,23.0,6.0
202.0,2017,9.4,43.0,6.0
202.0,2017,9.4,23.0,6.0
402.0,2017,8.7,12.0,5.0
402.0,2017,8.7,51.0,5.0
